ParticipantID,SampleID
PRT6789826,SP661
PRT6789827,SP3031
PRT6789828,SP123
PRT6789829,SP796
PRT6789830,SP412
PRT6789831,SP632
PRT6789832,SP1142
PRT6789833,SP1192
PRT6789834,SP1876
PRT6789835,SP2118
PRT6789836,SP2145
PRT6789837,SP2405
PRT6789838,SP2712
PRT6789839,SP2732
PRT6789840,SP2909
PRT6789841,SP3066
PRT6789842,SP3074
PRT6789843,SP3159
PRT6789844,SP3418
PRT6789845,SP3435
PRT6789846,SP3587
PRT6789847,SP3709
PRT6789848,SP1636
PRT6789849,SP2016
PRT6789850,SP2271
PRT6789851,SP2287
PRT6789852,SP2548
PRT6789853,SP2566
PRT6789854,SP3007
PRT6789855,SP3391
PRT6789856,SP3524
PRT6789857,SP286
PRT6789858,SP1321
PRT6789859,SP1479
PRT6789860,SP1989
PRT6789861,SP2222
PRT6789862,SP883
PRT6789863,SP272
PRT6789864,SP297
PRT6789865,SP426
PRT6789866,SP825
PRT6789867,SP1151
PRT6789868,SP1428
PRT6789869,SP1442
PRT6789870,SP1753
PRT6789871,SP2082
PRT6789872,SP2853
PRT6789873,SP2898
PRT6789874,SP2975
PRT6789875,SP3034
PRT6789876,SP3173
PRT6789877,SP3724
PRT6789878,SP3752
PRT6789879,SP2966
PRT6789880,SP032
PRT6789881,SP048
PRT6789882,SP082
PRT6789883,SP103
PRT6789884,SP139
PRT6789885,SP155
PRT6789886,SP221
PRT6789887,SP252
PRT6789888,SP373
PRT6789889,SP424
PRT6789890,SP464
PRT6789891,SP518
PRT6789892,SP559
PRT6789893,SP585
PRT6789894,SP599
PRT6789895,SP604
PRT6789896,SP621
PRT6789897,SP669
PRT6789898,SP731
PRT6789899,SP766
PRT6789900,SP795
PRT6789901,SP797
PRT6789902,SP802
PRT6789903,SP815
PRT6789904,SP864
PRT6789905,SP956
PRT6789906,SP988
PRT6789907,SP1183
PRT6789908,SP1185
PRT6789909,SP1217
PRT6789910,SP1221
PRT6789911,SP1242
PRT6789912,SP1287
PRT6789913,SP1289
PRT6789914,SP1292
PRT6789915,SP1381
PRT6789916,SP1398
PRT6789917,SP1400
PRT6789918,SP1464
PRT6789919,SP1470
PRT6789920,SP1512
PRT6789921,SP1540
PRT6789922,SP1553
PRT6789923,SP1673
PRT6789924,SP1748
PRT6789925,SP1797
PRT6789926,SP1834
PRT6789927,SP1882
PRT6789928,SP1883
PRT6789929,SP1988
PRT6789930,SP2014
PRT6789931,SP2073
PRT6789932,SP2123
PRT6789933,SP2130
PRT6789934,SP2133
PRT6789935,SP2206
PRT6789936,SP2263
PRT6789937,SP2275
PRT6789938,SP2368
PRT6789939,SP2399
PRT6789940,SP2498
PRT6789941,SP2562
PRT6789942,SP2563
PRT6789943,SP2701
PRT6789944,SP2731
PRT6789945,SP2747
PRT6789946,SP2790
PRT6789947,SP2843
PRT6789948,SP2874
PRT6789949,SP2920
PRT6789950,SP2938
PRT6789951,SP2970
PRT6789952,SP2978
PRT6789953,SP3060
PRT6789954,SP3155
PRT6789955,SP3462
PRT6789956,SP3494
PRT6789957,SP3555
PRT6789958,SP3578
PRT6789959,SP3610
PRT6789960,SP3636
PRT6789961,SP3738
PRT6789962,SP088
PRT6789963,SP277
PRT6789964,SP598
PRT6789965,SP654
PRT6789966,SP920
PRT6789967,SP1144
PRT6789968,SP1423
PRT6789969,SP2026
PRT6789970,SP2076
PRT6789971,SP2178
PRT6789972,SP254
PRT6789973,SP1220
PRT6789974,SP2877
PRT6789975,SP2899
PRT6789976,SP3084
PRT6789977,SP3593
PRT6789978,SP3784
PRT6789979,SP1653
PRT6789980,SP2409
PRT6789981,SP3619
PRT6789982,SP1485
PRT6789983,SP1836
PRT6789984,SP502
PRT6789985,SP967
PRT6789986,SP1004
PRT6789987,SP2919
PRT6789988,SP2475
PRT6789989,SP1038
PRT6789990,SP2018
PRT6789991,SP2021
PRT6789992,SP3298
PRT6789993,SP3527
PRT6789994,SP2677
PRT6789995,SP3661
PRT6789996,SP170
PRT6789997,SP203
PRT6789998,SP276
PRT6789999,SP813
PRT6790000,SP818
PRT6790001,SP918
PRT6790002,SP1042
PRT6790003,SP1105
PRT6790004,SP1180
PRT6790005,SP1239
PRT6790006,SP1272
PRT6790007,SP1376
PRT6790008,SP1481
PRT6790009,SP1690
PRT6790010,SP2328
PRT6790011,SP2615
PRT6790012,SP2629
PRT6790013,SP2633
PRT6790014,SP3184
PRT6790015,SP3484
PRT6790016,SP3691
PRT6790017,SP3711
PRT6790018,SP3511
PRT6790019,SP036
PRT6790020,SP037
PRT6790021,SP044
PRT6790022,SP069
PRT6790023,SP070
PRT6790024,SP107
PRT6790025,SP131
PRT6790026,SP157
PRT6790027,SP205
PRT6790028,SP207
PRT6790029,SP222
PRT6790030,SP225
PRT6790031,SP228
PRT6790032,SP250
PRT6790033,SP261
PRT6790034,SP292
PRT6790035,SP300
PRT6790036,SP327
PRT6790037,SP344
PRT6790038,SP346
PRT6790039,SP365
PRT6790040,SP372
PRT6790041,SP393
PRT6790042,SP442
PRT6790043,SP460
PRT6790044,SP506
PRT6790045,SP517
PRT6790046,SP526
PRT6790047,SP540
PRT6790048,SP553
PRT6790049,SP589
PRT6790050,SP612
PRT6790051,SP628
PRT6790052,SP631
PRT6790053,SP645
PRT6790054,SP670
PRT6790055,SP695
PRT6790056,SP738
PRT6790057,SP756
PRT6790058,SP768
PRT6790059,SP808
PRT6790060,SP821
PRT6790061,SP840
PRT6790062,SP865
PRT6790063,SP885
PRT6790064,SP890
PRT6790065,SP919
PRT6790066,SP939
PRT6790067,SP953
PRT6790068,SP959
PRT6790069,SP965
PRT6790070,SP986
PRT6790071,SP1003
PRT6790072,SP1007
PRT6790073,SP1013
PRT6790074,SP1020
PRT6790075,SP1024
PRT6790076,SP1070
PRT6790077,SP1082
PRT6790078,SP1097
PRT6790079,SP1103
PRT6790080,SP1106
PRT6790081,SP1107
PRT6790082,SP1110
PRT6790083,SP1111
PRT6790084,SP1134
PRT6790085,SP1150
PRT6790086,SP1165
PRT6790087,SP1173
PRT6790088,SP1179
PRT6790089,SP1184
PRT6790090,SP1228
PRT6790091,SP1230
PRT6790092,SP1280
PRT6790093,SP1285
PRT6790094,SP1291
PRT6790095,SP1367
PRT6790096,SP1370
PRT6790097,SP1375
PRT6790098,SP1404
PRT6790099,SP1415
PRT6790100,SP1416
PRT6790101,SP1424
PRT6790102,SP1437
PRT6790103,SP1439
PRT6790104,SP1471
PRT6790105,SP1564
PRT6790106,SP1654
PRT6790107,SP1667
PRT6790108,SP1668
PRT6790109,SP1700
PRT6790110,SP1730
PRT6790111,SP1747
PRT6790112,SP1768
PRT6790113,SP1773
PRT6790114,SP1806
PRT6790115,SP1808
PRT6790116,SP1819
PRT6790117,SP1841
PRT6790118,SP1853
PRT6790119,SP1856
PRT6790120,SP1862
PRT6790121,SP1866
PRT6790122,SP1867
PRT6790123,SP1877
PRT6790124,SP1886
PRT6790125,SP1913
PRT6790126,SP1938
PRT6790127,SP1983
PRT6790128,SP1985
PRT6790129,SP2000
PRT6790130,SP2001
PRT6790131,SP2046
PRT6790132,SP2074
PRT6790133,SP2075
PRT6790134,SP2215
PRT6790135,SP2216
PRT6790136,SP2258
PRT6790137,SP2283
PRT6790138,SP2314
PRT6790139,SP2317
PRT6790140,SP2319
PRT6790141,SP2361
PRT6790142,SP2382
PRT6790143,SP2395
PRT6790144,SP2400
PRT6790145,SP2439
PRT6790146,SP2553
PRT6790147,SP2561
PRT6790148,SP2565
PRT6790149,SP2760
PRT6790150,SP2770
PRT6790151,SP2777
PRT6790152,SP2808
PRT6790153,SP2831
PRT6790154,SP2840
PRT6790155,SP2845
PRT6790156,SP2881
PRT6790157,SP2918
PRT6790158,SP2940
PRT6790159,SP2950
PRT6790160,SP2990
PRT6790161,SP3004
PRT6790162,SP3008
PRT6790163,SP3021
PRT6790164,SP3069
PRT6790165,SP3091
PRT6790166,SP3110
PRT6790167,SP3130
PRT6790168,SP3133
PRT6790169,SP3168
PRT6790170,SP3191
PRT6790171,SP3390
PRT6790172,SP3413
PRT6790173,SP3453
PRT6790174,SP3492
PRT6790175,SP3493
PRT6790176,SP3529
PRT6790177,SP3540
PRT6790178,SP3546
PRT6790179,SP3547
PRT6790180,SP3601
PRT6790181,SP3605
PRT6790182,SP3634
PRT6790183,SP3642
PRT6790184,SP3649
PRT6790185,SP3654
PRT6790186,SP3682
PRT6790187,SP3713
PRT6790188,SP3725
PRT6790189,SP3788
PRT6790190,SP3789
PRT6790191,SP1536
PRT6790192,SP1602
PRT6790193,SP2351
PRT6790194,SP2778
PRT6790195,SP2818
PRT6790196,SP3136
PRT6790197,SP2099
PRT6790198,SP1238
PRT6790199,SP1245
PRT6790200,SP1599
PRT6790201,SP2009
PRT6790202,SP2231
PRT6790203,SP2407
PRT6790204,SP2635
PRT6790205,SP1345
PRT6790206,SP2002
PRT6790207,SP2584
PRT6790208,SP341
PRT6790209,SP389
PRT6790210,SP886
PRT6790211,SP1164
PRT6790212,SP1198
PRT6790213,SP1205
PRT6790214,SP1336
PRT6790215,SP1475
PRT6790216,SP1663
PRT6790217,SP1795
PRT6790218,SP1863
PRT6790219,SP2132
PRT6790220,SP2488
PRT6790221,SP2645
PRT6790222,SP2783
PRT6790223,SP3011
PRT6790224,SP3120
PRT6790225,SP989
PRT6790226,SP1492
PRT6790227,SP1588
PRT6790228,SP2179
PRT6790229,SP3073
PRT6790230,SP1741
PRT6790231,SP3174
PRT6790232,SP1570
PRT6790233,SP3486
PRT6790234,SP148
PRT6790235,SP413
PRT6790236,SP2650
PRT6790237,SP806
PRT6790238,SP816
PRT6790239,SP001
PRT6790240,SP002
PRT6790241,SP004
PRT6790242,SP005
PRT6790243,SP006
PRT6790244,SP007
PRT6790245,SP008
PRT6790246,SP010
PRT6790247,SP011
PRT6790248,SP012
PRT6790249,SP014
PRT6790250,SP015
PRT6790251,SP018
PRT6790252,SP019
PRT6790253,SP020
PRT6790254,SP022
PRT6790255,SP023
PRT6790256,SP025
PRT6790257,SP026
PRT6790258,SP027
PRT6790259,SP028
PRT6790260,SP029
PRT6790261,SP030
PRT6790262,SP033
PRT6790263,SP035
PRT6790264,SP038
PRT6790265,SP053
PRT6790266,SP054
PRT6790267,SP055
PRT6790268,SP060
PRT6790269,SP064
PRT6790270,SP065
PRT6790271,SP066
PRT6790272,SP067
PRT6790273,SP068
PRT6790274,SP072
PRT6790275,SP073
PRT6790276,SP075
PRT6790277,SP077
PRT6790278,SP080
PRT6790279,SP081
PRT6790280,SP083
PRT6790281,SP084
PRT6790282,SP085
PRT6790283,SP086
PRT6790284,SP087
PRT6790285,SP090
PRT6790286,SP093
PRT6790287,SP095
PRT6790288,SP096
PRT6790289,SP097
PRT6790290,SP099
PRT6790291,SP101
PRT6790292,SP105
PRT6790293,SP108
PRT6790294,SP111
PRT6790295,SP112
PRT6790296,SP113
PRT6790297,SP114
PRT6790298,SP115
PRT6790299,SP116
PRT6790300,SP118
PRT6790301,SP119
PRT6790302,SP121
PRT6790303,SP124
PRT6790304,SP125
PRT6790305,SP127
PRT6790306,SP128
PRT6790307,SP130
PRT6790308,SP133
PRT6790309,SP134
PRT6790310,SP135
PRT6790311,SP136
PRT6790312,SP138
PRT6790313,SP141
PRT6790314,SP142
PRT6790315,SP143
PRT6790316,SP144
PRT6790317,SP146
PRT6790318,SP147
PRT6790319,SP149
PRT6790320,SP150
PRT6790321,SP158
PRT6790322,SP159
PRT6790323,SP160
PRT6790324,SP161
PRT6790325,SP163
PRT6790326,SP164
PRT6790327,SP165
PRT6790328,SP167
PRT6790329,SP168
PRT6790330,SP171
PRT6790331,SP172
PRT6790332,SP197
PRT6790333,SP198
PRT6790334,SP199
PRT6790335,SP206
PRT6790336,SP209
PRT6790337,SP211
PRT6790338,SP213
PRT6790339,SP214
PRT6790340,SP216
PRT6790341,SP217
PRT6790342,SP219
PRT6790343,SP220
PRT6790344,SP223
PRT6790345,SP224
PRT6790346,SP226
PRT6790347,SP227
PRT6790348,SP230
PRT6790349,SP235
PRT6790350,SP236
PRT6790351,SP238
PRT6790352,SP240
PRT6790353,SP245
PRT6790354,SP247
PRT6790355,SP248
PRT6790356,SP249
PRT6790357,SP251
PRT6790358,SP253
PRT6790359,SP255
PRT6790360,SP256
PRT6790361,SP259
PRT6790362,SP262
PRT6790363,SP263
PRT6790364,SP264
PRT6790365,SP265
PRT6790366,SP267
PRT6790367,SP271
PRT6790368,SP274
PRT6790369,SP275
PRT6790370,SP278
PRT6790371,SP279
PRT6790372,SP282
PRT6790373,SP283
PRT6790374,SP285
PRT6790375,SP288
PRT6790376,SP290
PRT6790377,SP293
PRT6790378,SP295
PRT6790379,SP298
PRT6790380,SP299
PRT6790381,SP302
PRT6790382,SP303
PRT6790383,SP304
PRT6790384,SP306
PRT6790385,SP307
PRT6790386,SP308
PRT6790387,SP311
PRT6790388,SP313
PRT6790389,SP314
PRT6790390,SP315
PRT6790391,SP319
PRT6790392,SP320
PRT6790393,SP324
PRT6790394,SP328
PRT6790395,SP329
PRT6790396,SP331
PRT6790397,SP332
PRT6790398,SP334
PRT6790399,SP336
PRT6790400,SP337
PRT6790401,SP338
PRT6790402,SP340
PRT6790403,SP351
PRT6790404,SP353
PRT6790405,SP354
PRT6790406,SP358
PRT6790407,SP361
PRT6790408,SP366
PRT6790409,SP367
PRT6790410,SP369
PRT6790411,SP371
PRT6790412,SP374
PRT6790413,SP376
PRT6790414,SP378
PRT6790415,SP379
PRT6790416,SP385
PRT6790417,SP388
PRT6790418,SP390
PRT6790419,SP391
PRT6790420,SP392
PRT6790421,SP395
PRT6790422,SP397
PRT6790423,SP399
PRT6790424,SP400
PRT6790425,SP401
PRT6790426,SP403
PRT6790427,SP405
PRT6790428,SP406
PRT6790429,SP407
PRT6790430,SP415
PRT6790431,SP416
PRT6790432,SP417
PRT6790433,SP419
PRT6790434,SP420
PRT6790435,SP427
PRT6790436,SP429
PRT6790437,SP430
PRT6790438,SP431
PRT6790439,SP432
PRT6790440,SP433
PRT6790441,SP435
PRT6790442,SP436
PRT6790443,SP437
PRT6790444,SP438
PRT6790445,SP439
PRT6790446,SP443
PRT6790447,SP444
PRT6790448,SP450
PRT6790449,SP451
PRT6790450,SP453
PRT6790451,SP455
PRT6790452,SP456
PRT6790453,SP458
PRT6790454,SP459
PRT6790455,SP461
PRT6790456,SP462
PRT6790457,SP500
PRT6790458,SP503
PRT6790459,SP507
PRT6790460,SP508
PRT6790461,SP509
PRT6790462,SP511
PRT6790463,SP513
PRT6790464,SP521
PRT6790465,SP522
PRT6790466,SP523
PRT6790467,SP525
PRT6790468,SP527
PRT6790469,SP528
PRT6790470,SP529
PRT6790471,SP530
PRT6790472,SP532
PRT6790473,SP533
PRT6790474,SP534
PRT6790475,SP535
PRT6790476,SP536
PRT6790477,SP537
PRT6790478,SP538
PRT6790479,SP541
PRT6790480,SP545
PRT6790481,SP549
PRT6790482,SP555
PRT6790483,SP556
PRT6790484,SP561
PRT6790485,SP565
PRT6790486,SP566
PRT6790487,SP569
PRT6790488,SP570
PRT6790489,SP571
PRT6790490,SP572
PRT6790491,SP573
PRT6790492,SP575
PRT6790493,SP576
PRT6790494,SP577
PRT6790495,SP579
PRT6790496,SP580
PRT6790497,SP582
PRT6790498,SP583
PRT6790499,SP587
PRT6790500,SP588
PRT6790501,SP591
PRT6790502,SP592
PRT6790503,SP594
PRT6790504,SP595
PRT6790505,SP600
PRT6790506,SP601
PRT6790507,SP603
PRT6790508,SP605
PRT6790509,SP608
PRT6790510,SP609
PRT6790511,SP610
PRT6790512,SP611
PRT6790513,SP615
PRT6790514,SP617
PRT6790515,SP618
PRT6790516,SP620
PRT6790517,SP623
PRT6790518,SP624
PRT6790519,SP626
PRT6790520,SP627
PRT6790521,SP630
PRT6790522,SP633
PRT6790523,SP635
PRT6790524,SP638
PRT6790525,SP639
PRT6790526,SP640
PRT6790527,SP641
PRT6790528,SP643
PRT6790529,SP644
PRT6790530,SP646
PRT6790531,SP647
PRT6790532,SP650
PRT6790533,SP652
PRT6790534,SP653
PRT6790535,SP656
PRT6790536,SP657
PRT6790537,SP658
PRT6790538,SP660
PRT6790539,SP662
PRT6790540,SP663
PRT6790541,SP664
PRT6790542,SP671
PRT6790543,SP673
PRT6790544,SP675
PRT6790545,SP677
PRT6790546,SP684
PRT6790547,SP692
PRT6790548,SP693
PRT6790549,SP696
PRT6790550,SP697
PRT6790551,SP700
PRT6790552,SP703
PRT6790553,SP705
PRT6790554,SP706
PRT6790555,SP707
PRT6790556,SP708
PRT6790557,SP710
PRT6790558,SP712
PRT6790559,SP713
PRT6790560,SP715
PRT6790561,SP719
PRT6790562,SP720
PRT6790563,SP721
PRT6790564,SP722
PRT6790565,SP723
PRT6790566,SP725
PRT6790567,SP726
PRT6790568,SP729
PRT6790569,SP730
PRT6790570,SP732
PRT6790571,SP734
PRT6790572,SP735
PRT6790573,SP736
PRT6790574,SP741
PRT6790575,SP742
PRT6790576,SP745
PRT6790577,SP747
PRT6790578,SP748
PRT6790579,SP749
PRT6790580,SP750
PRT6790581,SP753
PRT6790582,SP754
PRT6790583,SP761
PRT6790584,SP762
PRT6790585,SP763
PRT6790586,SP764
PRT6790587,SP765
PRT6790588,SP767
PRT6790589,SP770
PRT6790590,SP776
PRT6790591,SP777
PRT6790592,SP779
PRT6790593,SP781
PRT6790594,SP782
PRT6790595,SP786
PRT6790596,SP787
PRT6790597,SP789
PRT6790598,SP791
PRT6790599,SP792
PRT6790600,SP793
PRT6790601,SP798
PRT6790602,SP800
PRT6790603,SP803
PRT6790604,SP807
PRT6790605,SP812
PRT6790606,SP824
PRT6790607,SP826
PRT6790608,SP828
PRT6790609,SP832
PRT6790610,SP833
PRT6790611,SP834
PRT6790612,SP836
PRT6790613,SP839
PRT6790614,SP841
PRT6790615,SP843
PRT6790616,SP845
PRT6790617,SP846
PRT6790618,SP847
PRT6790619,SP851
PRT6790620,SP852
PRT6790621,SP857
PRT6790622,SP859
PRT6790623,SP860
PRT6790624,SP861
PRT6790625,SP862
PRT6790626,SP866
PRT6790627,SP867
PRT6790628,SP871
PRT6790629,SP874
PRT6790630,SP875
PRT6790631,SP876
PRT6790632,SP877
PRT6790633,SP878
PRT6790634,SP879
PRT6790635,SP880
PRT6790636,SP887
PRT6790637,SP889
PRT6790638,SP891
PRT6790639,SP892
PRT6790640,SP893
PRT6790641,SP894
PRT6790642,SP895
PRT6790643,SP896
PRT6790644,SP897
PRT6790645,SP898
PRT6790646,SP899
PRT6790647,SP902
PRT6790648,SP906
PRT6790649,SP908
PRT6790650,SP909
PRT6790651,SP910
PRT6790652,SP911
PRT6790653,SP912
PRT6790654,SP914
PRT6790655,SP915
PRT6790656,SP916
PRT6790657,SP922
PRT6790658,SP923
PRT6790659,SP925
PRT6790660,SP926
PRT6790661,SP928
PRT6790662,SP932
PRT6790663,SP941
PRT6790664,SP946
PRT6790665,SP947
PRT6790666,SP949
PRT6790667,SP950
PRT6790668,SP951
PRT6790669,SP957
PRT6790670,SP958
PRT6790671,SP960
PRT6790672,SP961
PRT6790673,SP962
PRT6790674,SP964
PRT6790675,SP966
PRT6790676,SP968
PRT6790677,SP969
PRT6790678,SP970
PRT6790679,SP972
PRT6790680,SP980
PRT6790681,SP985
PRT6790682,SP987
PRT6790683,SP990
PRT6790684,SP991
PRT6790685,SP994
PRT6790686,SP996
PRT6790687,SP1000
PRT6790688,SP1001
PRT6790689,SP1002
PRT6790690,SP1006
PRT6790691,SP1010
PRT6790692,SP1011
PRT6790693,SP1012
PRT6790694,SP1014
PRT6790695,SP1017
PRT6790696,SP1019
PRT6790697,SP1022
PRT6790698,SP1023
PRT6790699,SP1025
PRT6790700,SP1043
PRT6790701,SP1044
PRT6790702,SP1045
PRT6790703,SP1046
PRT6790704,SP1047
PRT6790705,SP1048
PRT6790706,SP1051
PRT6790707,SP1052
PRT6790708,SP1055
PRT6790709,SP1057
PRT6790710,SP1058
PRT6790711,SP1059
PRT6790712,SP1060
PRT6790713,SP1065
PRT6790714,SP1067
PRT6790715,SP1069
PRT6790716,SP1071
PRT6790717,SP1073
PRT6790718,SP1074
PRT6790719,SP1075
PRT6790720,SP1077
PRT6790721,SP1080
PRT6790722,SP1083
PRT6790723,SP1085
PRT6790724,SP1086
PRT6790725,SP1092
PRT6790726,SP1096
PRT6790727,SP1099
PRT6790728,SP1101
PRT6790729,SP1102
PRT6790730,SP1104
PRT6790731,SP1112
PRT6790732,SP1114
PRT6790733,SP1115
PRT6790734,SP1116
PRT6790735,SP1117
PRT6790736,SP1118
PRT6790737,SP1120
PRT6790738,SP1122
PRT6790739,SP1123
PRT6790740,SP1125
PRT6790741,SP1127
PRT6790742,SP1128
PRT6790743,SP1129
PRT6790744,SP1131
PRT6790745,SP1135
PRT6790746,SP1136
PRT6790747,SP1139
PRT6790748,SP1140
PRT6790749,SP1141
PRT6790750,SP1143
PRT6790751,SP1145
PRT6790752,SP1148
PRT6790753,SP1149
PRT6790754,SP1155
PRT6790755,SP1156
PRT6790756,SP1157
PRT6790757,SP1159
PRT6790758,SP1160
PRT6790759,SP1161
PRT6790760,SP1166
PRT6790761,SP1170
PRT6790762,SP1174
PRT6790763,SP1178
PRT6790764,SP1181
PRT6790765,SP1186
PRT6790766,SP1187
PRT6790767,SP1190
PRT6790768,SP1191
PRT6790769,SP1196
PRT6790770,SP1197
PRT6790771,SP1208
PRT6790772,SP1209
PRT6790773,SP1211
PRT6790774,SP1219
PRT6790775,SP1224
PRT6790776,SP1225
PRT6790777,SP1226
PRT6790778,SP1227
PRT6790779,SP1232
PRT6790780,SP1233
PRT6790781,SP1234
PRT6790782,SP1235
PRT6790783,SP1236
PRT6790784,SP1241
PRT6790785,SP1244
PRT6790786,SP1246
PRT6790787,SP1249
PRT6790788,SP1251
PRT6790789,SP1252
PRT6790790,SP1254
PRT6790791,SP1255
PRT6790792,SP1257
PRT6790793,SP1264
PRT6790794,SP1265
PRT6790795,SP1267
PRT6790796,SP1271
PRT6790797,SP1277
PRT6790798,SP1295
PRT6790799,SP1296
PRT6790800,SP1297
PRT6790801,SP1298
PRT6790802,SP1301
PRT6790803,SP1302
PRT6790804,SP1308
PRT6790805,SP1309
PRT6790806,SP1310
PRT6790807,SP1311
PRT6790808,SP1315
PRT6790809,SP1322
PRT6790810,SP1324
PRT6790811,SP1327
PRT6790812,SP1330
PRT6790813,SP1335
PRT6790814,SP1337
PRT6790815,SP1340
PRT6790816,SP1341
PRT6790817,SP1344
PRT6790818,SP1346
PRT6790819,SP1347
PRT6790820,SP1349
PRT6790821,SP1352
PRT6790822,SP1356
PRT6790823,SP1358
PRT6790824,SP1359
PRT6790825,SP1360
PRT6790826,SP1361
PRT6790827,SP1363
PRT6790828,SP1365
PRT6790829,SP1366
PRT6790830,SP1368
PRT6790831,SP1373
PRT6790832,SP1379
PRT6790833,SP1380
PRT6790834,SP1382
PRT6790835,SP1385
PRT6790836,SP1386
PRT6790837,SP1387
PRT6790838,SP1388
PRT6790839,SP1389
PRT6790840,SP1390
PRT6790841,SP1391
PRT6790842,SP1392
PRT6790843,SP1394
PRT6790844,SP1397
PRT6790845,SP1399
PRT6790846,SP1401
PRT6790847,SP1402
PRT6790848,SP1405
PRT6790849,SP1406
PRT6790850,SP1411
PRT6790851,SP1412
PRT6790852,SP1413
PRT6790853,SP1419
PRT6790854,SP1425
PRT6790855,SP1427
PRT6790856,SP1429
PRT6790857,SP1431
PRT6790858,SP1432
PRT6790859,SP1433
PRT6790860,SP1434
PRT6790861,SP1435
PRT6790862,SP1438
PRT6790863,SP1441
PRT6790864,SP1443
PRT6790865,SP1445
PRT6790866,SP1447
PRT6790867,SP1448
PRT6790868,SP1453
PRT6790869,SP1455
PRT6790870,SP1460
PRT6790871,SP1462
PRT6790872,SP1466
PRT6790873,SP1468
PRT6790874,SP1472
PRT6790875,SP1473
PRT6790876,SP1476
PRT6790877,SP1477
PRT6790878,SP1480
PRT6790879,SP1482
PRT6790880,SP1483
PRT6790881,SP1487
PRT6790882,SP1493
PRT6790883,SP1496
PRT6790884,SP1499
PRT6790885,SP1500
PRT6790886,SP1501
PRT6790887,SP1502
PRT6790888,SP1505
PRT6790889,SP1506
PRT6790890,SP1509
PRT6790891,SP1511
PRT6790892,SP1513
PRT6790893,SP1514
PRT6790894,SP1515
PRT6790895,SP1516
PRT6790896,SP1517
PRT6790897,SP1519
PRT6790898,SP1520
PRT6790899,SP1521
PRT6790900,SP1522
PRT6790901,SP1524
PRT6790902,SP1527
PRT6790903,SP1528
PRT6790904,SP1531
PRT6790905,SP1532
PRT6790906,SP1533
PRT6790907,SP1535
PRT6790908,SP1537
PRT6790909,SP1539
PRT6790910,SP1541
PRT6790911,SP1544
PRT6790912,SP1545
PRT6790913,SP1547
PRT6790914,SP1548
PRT6790915,SP1551
PRT6790916,SP1552
PRT6790917,SP1554
PRT6790918,SP1557
PRT6790919,SP1559
PRT6790920,SP1560
PRT6790921,SP1562
PRT6790922,SP1563
PRT6790923,SP1565
PRT6790924,SP1566
PRT6790925,SP1567
PRT6790926,SP1569
PRT6790927,SP1571
PRT6790928,SP1572
PRT6790929,SP1577
PRT6790930,SP1578
PRT6790931,SP1579
PRT6790932,SP1580
PRT6790933,SP1581
PRT6790934,SP1582
PRT6790935,SP1584
PRT6790936,SP1585
PRT6790937,SP1586
PRT6790938,SP1589
PRT6790939,SP1590
PRT6790940,SP1591
PRT6790941,SP1592
PRT6790942,SP1594
PRT6790943,SP1595
PRT6790944,SP1597
PRT6790945,SP1603
PRT6790946,SP1606
PRT6790947,SP1611
PRT6790948,SP1614
PRT6790949,SP1615
PRT6790950,SP1618
PRT6790951,SP1619
PRT6790952,SP1622
PRT6790953,SP1623
PRT6790954,SP1625
PRT6790955,SP1626
PRT6790956,SP1628
PRT6790957,SP1629
PRT6790958,SP1630
PRT6790959,SP1631
PRT6790960,SP1632
PRT6790961,SP1640
PRT6790962,SP1646
PRT6790963,SP1647
PRT6790964,SP1650
PRT6790965,SP1656
PRT6790966,SP1658
PRT6790967,SP1659
PRT6790968,SP1661
PRT6790969,SP1664
PRT6790970,SP1669
PRT6790971,SP1670
PRT6790972,SP1676
PRT6790973,SP1679
PRT6790974,SP1680
PRT6790975,SP1687
PRT6790976,SP1688
PRT6790977,SP1689
PRT6790978,SP1691
PRT6790979,SP1695
PRT6790980,SP1696
PRT6790981,SP1697
PRT6790982,SP1698
PRT6790983,SP1699
PRT6790984,SP1703
PRT6790985,SP1704
PRT6790986,SP1709
PRT6790987,SP1710
PRT6790988,SP1711
PRT6790989,SP1712
PRT6790990,SP1718
PRT6790991,SP1720
PRT6790992,SP1723
PRT6790993,SP1729
PRT6790994,SP1732
PRT6790995,SP1733
PRT6790996,SP1734
PRT6790997,SP1735
PRT6790998,SP1737
PRT6790999,SP1738
PRT6791000,SP1739
PRT6791001,SP1740
PRT6791002,SP1742
PRT6791003,SP1744
PRT6791004,SP1745
PRT6791005,SP1749
PRT6791006,SP1750
PRT6791007,SP1751
PRT6791008,SP1754
PRT6791009,SP1755
PRT6791010,SP1756
PRT6791011,SP1758
PRT6791012,SP1759
PRT6791013,SP1760
PRT6791014,SP1761
PRT6791015,SP1762
PRT6791016,SP1764
PRT6791017,SP1766
PRT6791018,SP1767
PRT6791019,SP1769
PRT6791020,SP1770
PRT6791021,SP1771
PRT6791022,SP1774
PRT6791023,SP1775
PRT6791024,SP1777
PRT6791025,SP1779
PRT6791026,SP1781
PRT6791027,SP1782
PRT6791028,SP1784
PRT6791029,SP1785
PRT6791030,SP1788
PRT6791031,SP1789
PRT6791032,SP1790
PRT6791033,SP1791
PRT6791034,SP1792
PRT6791035,SP1794
PRT6791036,SP1796
PRT6791037,SP1798
PRT6791038,SP1799
PRT6791039,SP1801
PRT6791040,SP1803
PRT6791041,SP1804
PRT6791042,SP1805
PRT6791043,SP1810
PRT6791044,SP1812
PRT6791045,SP1813
PRT6791046,SP1816
PRT6791047,SP1817
PRT6791048,SP1820
PRT6791049,SP1822
PRT6791050,SP1824
PRT6791051,SP1827
PRT6791052,SP1828
PRT6791053,SP1830
PRT6791054,SP1832
PRT6791055,SP1833
PRT6791056,SP1835
PRT6791057,SP1837
PRT6791058,SP1838
PRT6791059,SP1839
PRT6791060,SP1840
PRT6791061,SP1843
PRT6791062,SP1844
PRT6791063,SP1848
PRT6791064,SP1851
PRT6791065,SP1852
PRT6791066,SP1854
PRT6791067,SP1857
PRT6791068,SP1861
PRT6791069,SP1864
PRT6791070,SP1870
PRT6791071,SP1871
PRT6791072,SP1872
PRT6791073,SP1873
PRT6791074,SP1875
PRT6791075,SP1879
PRT6791076,SP1880
PRT6791077,SP1881
PRT6791078,SP1885
PRT6791079,SP1888
PRT6791080,SP1889
PRT6791081,SP1891
PRT6791082,SP1900
PRT6791083,SP1908
PRT6791084,SP1911
PRT6791085,SP1912
PRT6791086,SP1915
PRT6791087,SP1919
PRT6791088,SP1920
PRT6791089,SP1922
PRT6791090,SP1924
PRT6791091,SP1927
PRT6791092,SP1928
PRT6791093,SP1930
PRT6791094,SP1931
PRT6791095,SP1933
PRT6791096,SP1937
PRT6791097,SP1939
PRT6791098,SP1940
PRT6791099,SP1942
PRT6791100,SP1945
PRT6791101,SP1946
PRT6791102,SP1947
PRT6791103,SP1948
PRT6791104,SP1949
PRT6791105,SP1952
PRT6791106,SP1953
PRT6791107,SP1954
PRT6791108,SP1956
PRT6791109,SP1959
PRT6791110,SP1960
PRT6791111,SP1962
PRT6791112,SP1964
PRT6791113,SP1965
PRT6791114,SP1969
PRT6791115,SP1974
PRT6791116,SP1975
PRT6791117,SP1977
PRT6791118,SP1978
PRT6791119,SP1979
PRT6791120,SP1980
PRT6791121,SP1986
PRT6791122,SP1990
PRT6791123,SP1991
PRT6791124,SP1994
PRT6791125,SP1996
PRT6791126,SP1997
PRT6791127,SP1998
PRT6791128,SP1999
PRT6791129,SP2010
PRT6791130,SP2011
PRT6791131,SP2012
PRT6791132,SP2013
PRT6791133,SP2015
PRT6791134,SP2017
PRT6791135,SP2027
PRT6791136,SP2028
PRT6791137,SP2031
PRT6791138,SP2035
PRT6791139,SP2036
PRT6791140,SP2038
PRT6791141,SP2039
PRT6791142,SP2042
PRT6791143,SP2045
PRT6791144,SP2047
PRT6791145,SP2048
PRT6791146,SP2049
PRT6791147,SP2050
PRT6791148,SP2051
PRT6791149,SP2053
PRT6791150,SP2055
PRT6791151,SP2056
PRT6791152,SP2057
PRT6791153,SP2060
PRT6791154,SP2062
PRT6791155,SP2063
PRT6791156,SP2065
PRT6791157,SP2066
PRT6791158,SP2071
PRT6791159,SP2072
PRT6791160,SP2077
PRT6791161,SP2079
PRT6791162,SP2080
PRT6791163,SP2081
PRT6791164,SP2083
PRT6791165,SP2084
PRT6791166,SP2087
PRT6791167,SP2091
PRT6791168,SP2095
PRT6791169,SP2104
PRT6791170,SP2109
PRT6791171,SP2110
PRT6791172,SP2111
PRT6791173,SP2114
PRT6791174,SP2116
PRT6791175,SP2117
PRT6791176,SP2122
PRT6791177,SP2125
PRT6791178,SP2128
PRT6791179,SP2129
PRT6791180,SP2136
PRT6791181,SP2139
PRT6791182,SP2141
PRT6791183,SP2142
PRT6791184,SP2143
PRT6791185,SP2147
PRT6791186,SP2148
PRT6791187,SP2149
PRT6791188,SP2152
PRT6791189,SP2153
PRT6791190,SP2154
PRT6791191,SP2158
PRT6791192,SP2159
PRT6791193,SP2160
PRT6791194,SP2164
PRT6791195,SP2168
PRT6791196,SP2169
PRT6791197,SP2171
PRT6791198,SP2172
PRT6791199,SP2173
PRT6791200,SP2175
PRT6791201,SP2176
PRT6791202,SP2181
PRT6791203,SP2185
PRT6791204,SP2187
PRT6791205,SP2189
PRT6791206,SP2190
PRT6791207,SP2191
PRT6791208,SP2193
PRT6791209,SP2194
PRT6791210,SP2195
PRT6791211,SP2196
PRT6791212,SP2197
PRT6791213,SP2200
PRT6791214,SP2202
PRT6791215,SP2205
PRT6791216,SP2207
PRT6791217,SP2208
PRT6791218,SP2209
PRT6791219,SP2212
PRT6791220,SP2213
PRT6791221,SP2214
PRT6791222,SP2219
PRT6791223,SP2224
PRT6791224,SP2226
PRT6791225,SP2229
PRT6791226,SP2247
PRT6791227,SP2250
PRT6791228,SP2252
PRT6791229,SP2255
PRT6791230,SP2256
PRT6791231,SP2259
PRT6791232,SP2262
PRT6791233,SP2264
PRT6791234,SP2267
PRT6791235,SP2270
PRT6791236,SP2272
PRT6791237,SP2274
PRT6791238,SP2277
PRT6791239,SP2279
PRT6791240,SP2280
PRT6791241,SP2281
PRT6791242,SP2288
PRT6791243,SP2291
PRT6791244,SP2292
PRT6791245,SP2293
PRT6791246,SP2294
PRT6791247,SP2296
PRT6791248,SP2298
PRT6791249,SP2304
PRT6791250,SP2305
PRT6791251,SP2308
PRT6791252,SP2312
PRT6791253,SP2322
PRT6791254,SP2323
PRT6791255,SP2325
PRT6791256,SP2329
PRT6791257,SP2331
PRT6791258,SP2332
PRT6791259,SP2333
PRT6791260,SP2335
PRT6791261,SP2340
PRT6791262,SP2342
PRT6791263,SP2344
PRT6791264,SP2347
PRT6791265,SP2349
PRT6791266,SP2353
PRT6791267,SP2354
PRT6791268,SP2357
PRT6791269,SP2358
PRT6791270,SP2364
PRT6791271,SP2365
PRT6791272,SP2366
PRT6791273,SP2371
PRT6791274,SP2372
PRT6791275,SP2373
PRT6791276,SP2375
PRT6791277,SP2378
PRT6791278,SP2384
PRT6791279,SP2386
PRT6791280,SP2388
PRT6791281,SP2394
PRT6791282,SP2396
PRT6791283,SP2401
PRT6791284,SP2404
PRT6791285,SP2406
PRT6791286,SP2408
PRT6791287,SP2413
PRT6791288,SP2416
PRT6791289,SP2425
PRT6791290,SP2427
PRT6791291,SP2428
PRT6791292,SP2430
PRT6791293,SP2432
PRT6791294,SP2433
PRT6791295,SP2434
PRT6791296,SP2436
PRT6791297,SP2440
PRT6791298,SP2443
PRT6791299,SP2446
PRT6791300,SP2447
PRT6791301,SP2448
PRT6791302,SP2449
PRT6791303,SP2455
PRT6791304,SP2457
PRT6791305,SP2460
PRT6791306,SP2461
PRT6791307,SP2465
PRT6791308,SP2466
PRT6791309,SP2469
PRT6791310,SP2472
PRT6791311,SP2473
PRT6791312,SP2474
PRT6791313,SP2477
PRT6791314,SP2478
PRT6791315,SP2481
PRT6791316,SP2483
PRT6791317,SP2490
PRT6791318,SP2492
PRT6791319,SP2493
PRT6791320,SP2495
PRT6791321,SP2496
PRT6791322,SP2497
PRT6791323,SP2501
PRT6791324,SP2502
PRT6791325,SP2506
PRT6791326,SP2507
PRT6791327,SP2508
PRT6791328,SP2509
PRT6791329,SP2513
PRT6791330,SP2515
PRT6791331,SP2519
PRT6791332,SP2520
PRT6791333,SP2522
PRT6791334,SP2523
PRT6791335,SP2524
PRT6791336,SP2525
PRT6791337,SP2526
PRT6791338,SP2528
PRT6791339,SP2529
PRT6791340,SP2532
PRT6791341,SP2534
PRT6791342,SP2536
PRT6791343,SP2537
PRT6791344,SP2539
PRT6791345,SP2540
PRT6791346,SP2544
PRT6791347,SP2547
PRT6791348,SP2549
PRT6791349,SP2551
PRT6791350,SP2552
PRT6791351,SP2554
PRT6791352,SP2555
PRT6791353,SP2557
PRT6791354,SP2558
PRT6791355,SP2559
PRT6791356,SP2564
PRT6791357,SP2567
PRT6791358,SP2568
PRT6791359,SP2569
PRT6791360,SP2570
PRT6791361,SP2571
PRT6791362,SP2572
PRT6791363,SP2574
PRT6791364,SP2575
PRT6791365,SP2576
PRT6791366,SP2578
PRT6791367,SP2579
PRT6791368,SP2580
PRT6791369,SP2586
PRT6791370,SP2588
PRT6791371,SP2589
PRT6791372,SP2592
PRT6791373,SP2595
PRT6791374,SP2597
PRT6791375,SP2600
PRT6791376,SP2601
PRT6791377,SP2602
PRT6791378,SP2604
PRT6791379,SP2605
PRT6791380,SP2607
PRT6791381,SP2609
PRT6791382,SP2611
PRT6791383,SP2613
PRT6791384,SP2618
PRT6791385,SP2620
PRT6791386,SP2621
PRT6791387,SP2622
PRT6791388,SP2623
PRT6791389,SP2625
PRT6791390,SP2626
PRT6791391,SP2627
PRT6791392,SP2630
PRT6791393,SP2634
PRT6791394,SP2636
PRT6791395,SP2639
PRT6791396,SP2640
PRT6791397,SP2642
PRT6791398,SP2646
PRT6791399,SP2647
PRT6791400,SP2648
PRT6791401,SP2649
PRT6791402,SP2652
PRT6791403,SP2653
PRT6791404,SP2655
PRT6791405,SP2657
PRT6791406,SP2658
PRT6791407,SP2659
PRT6791408,SP2661
PRT6791409,SP2664
PRT6791410,SP2665
PRT6791411,SP2667
PRT6791412,SP2668
PRT6791413,SP2670
PRT6791414,SP2671
PRT6791415,SP2672
PRT6791416,SP2673
PRT6791417,SP2675
PRT6791418,SP2679
PRT6791419,SP2680
PRT6791420,SP2681
PRT6791421,SP2684
PRT6791422,SP2685
PRT6791423,SP2686
PRT6791424,SP2688
PRT6791425,SP2690
PRT6791426,SP2691
PRT6791427,SP2692
PRT6791428,SP2697
PRT6791429,SP2698
PRT6791430,SP2700
PRT6791431,SP2702
PRT6791432,SP2703
PRT6791433,SP2709
PRT6791434,SP2710
PRT6791435,SP2715
PRT6791436,SP2716
PRT6791437,SP2717
PRT6791438,SP2720
PRT6791439,SP2722
PRT6791440,SP2725
PRT6791441,SP2730
PRT6791442,SP2734
PRT6791443,SP2735
PRT6791444,SP2736
PRT6791445,SP2746
PRT6791446,SP2748
PRT6791447,SP2750
PRT6791448,SP2754
PRT6791449,SP2755
PRT6791450,SP2757
PRT6791451,SP2758
PRT6791452,SP2762
PRT6791453,SP2763
PRT6791454,SP2764
PRT6791455,SP2765
PRT6791456,SP2768
PRT6791457,SP2769
PRT6791458,SP2772
PRT6791459,SP2775
PRT6791460,SP2776
PRT6791461,SP2780
PRT6791462,SP2781
PRT6791463,SP2784
PRT6791464,SP2786
PRT6791465,SP2787
PRT6791466,SP2791
PRT6791467,SP2794
PRT6791468,SP2795
PRT6791469,SP2798
PRT6791470,SP2799
PRT6791471,SP2800
PRT6791472,SP2801
PRT6791473,SP2804
PRT6791474,SP2805
PRT6791475,SP2806
PRT6791476,SP2809
PRT6791477,SP2810
PRT6791478,SP2812
PRT6791479,SP2819
PRT6791480,SP2825
PRT6791481,SP2826
PRT6791482,SP2827
PRT6791483,SP2828
PRT6791484,SP2829
PRT6791485,SP2830
PRT6791486,SP2835
PRT6791487,SP2837
PRT6791488,SP2838
PRT6791489,SP2841
PRT6791490,SP2842
PRT6791491,SP2844
PRT6791492,SP2846
PRT6791493,SP2847
PRT6791494,SP2848
PRT6791495,SP2849
PRT6791496,SP2850
PRT6791497,SP2858
PRT6791498,SP2860
PRT6791499,SP2863
PRT6791500,SP2865
PRT6791501,SP2866
PRT6791502,SP2867
PRT6791503,SP2868
PRT6791504,SP2869
PRT6791505,SP2870
PRT6791506,SP2878
PRT6791507,SP2879
PRT6791508,SP2880
PRT6791509,SP2882
PRT6791510,SP2884
PRT6791511,SP2886
PRT6791512,SP2887
PRT6791513,SP2888
PRT6791514,SP2889
PRT6791515,SP2891
PRT6791516,SP2895
PRT6791517,SP2897
PRT6791518,SP2901
PRT6791519,SP2905
PRT6791520,SP2906
PRT6791521,SP2907
PRT6791522,SP2908
PRT6791523,SP2910
PRT6791524,SP2912
PRT6791525,SP2915
PRT6791526,SP2916
PRT6791527,SP2922
PRT6791528,SP2925
PRT6791529,SP2926
PRT6791530,SP2931
PRT6791531,SP2933
PRT6791532,SP2934
PRT6791533,SP2935
PRT6791534,SP2936
PRT6791535,SP2937
PRT6791536,SP2939
PRT6791537,SP2943
PRT6791538,SP2944
PRT6791539,SP2946
PRT6791540,SP2947
PRT6791541,SP2948
PRT6791542,SP2951
PRT6791543,SP2953
PRT6791544,SP2954
PRT6791545,SP2955
PRT6791546,SP2958
PRT6791547,SP2962
PRT6791548,SP2963
PRT6791549,SP2964
PRT6791550,SP2967
PRT6791551,SP2968
PRT6791552,SP2969
PRT6791553,SP2972
PRT6791554,SP2974
PRT6791555,SP2976
PRT6791556,SP2977
PRT6791557,SP2982
PRT6791558,SP2983
PRT6791559,SP2984
PRT6791560,SP2988
PRT6791561,SP2991
PRT6791562,SP2993
PRT6791563,SP2994
PRT6791564,SP2998
PRT6791565,SP3002
PRT6791566,SP3003
PRT6791567,SP3005
PRT6791568,SP3006
PRT6791569,SP3023
PRT6791570,SP3030
PRT6791571,SP3032
PRT6791572,SP3033
PRT6791573,SP3038
PRT6791574,SP3039
PRT6791575,SP3040
PRT6791576,SP3041
PRT6791577,SP3047
PRT6791578,SP3048
PRT6791579,SP3050
PRT6791580,SP3053
PRT6791581,SP3055
PRT6791582,SP3056
PRT6791583,SP3059
PRT6791584,SP3061
PRT6791585,SP3062
PRT6791586,SP3065
PRT6791587,SP3067
PRT6791588,SP3070
PRT6791589,SP3072
PRT6791590,SP3076
PRT6791591,SP3077
PRT6791592,SP3079
PRT6791593,SP3080
PRT6791594,SP3081
PRT6791595,SP3083
PRT6791596,SP3086
PRT6791597,SP3087
PRT6791598,SP3089
PRT6791599,SP3090
PRT6791600,SP3092
PRT6791601,SP3093
PRT6791602,SP3094
PRT6791603,SP3095
PRT6791604,SP3101
PRT6791605,SP3103
PRT6791606,SP3105
PRT6791607,SP3106
PRT6791608,SP3107
PRT6791609,SP3108
PRT6791610,SP3111
PRT6791611,SP3112
PRT6791612,SP3113
PRT6791613,SP3114
PRT6791614,SP3115
PRT6791615,SP3121
PRT6791616,SP3123
PRT6791617,SP3124
PRT6791618,SP3126
PRT6791619,SP3128
PRT6791620,SP3134
PRT6791621,SP3138
PRT6791622,SP3140
PRT6791623,SP3144
PRT6791624,SP3145
PRT6791625,SP3146
PRT6791626,SP3148
PRT6791627,SP3149
PRT6791628,SP3154
PRT6791629,SP3156
PRT6791630,SP3157
PRT6791631,SP3160
PRT6791632,SP3161
PRT6791633,SP3163
PRT6791634,SP3164
PRT6791635,SP3167
PRT6791636,SP3170
PRT6791637,SP3172
PRT6791638,SP3175
PRT6791639,SP3176
PRT6791640,SP3177
PRT6791641,SP3180
PRT6791642,SP3182
PRT6791643,SP3185
PRT6791644,SP3186
PRT6791645,SP3188
PRT6791646,SP3189
PRT6791647,SP3195
PRT6791648,SP3389
PRT6791649,SP3392
PRT6791650,SP3395
PRT6791651,SP3398
PRT6791652,SP3399
PRT6791653,SP3401
PRT6791654,SP3404
PRT6791655,SP3407
PRT6791656,SP3409
PRT6791657,SP3410
PRT6791658,SP3420
PRT6791659,SP3421
PRT6791660,SP3426
PRT6791661,SP3429
PRT6791662,SP3430
PRT6791663,SP3431
PRT6791664,SP3432
PRT6791665,SP3433
PRT6791666,SP3437
PRT6791667,SP3440
PRT6791668,SP3441
PRT6791669,SP3442
PRT6791670,SP3443
PRT6791671,SP3445
PRT6791672,SP3446
PRT6791673,SP3451
PRT6791674,SP3458
PRT6791675,SP3460
PRT6791676,SP3461
PRT6791677,SP3465
PRT6791678,SP3466
PRT6791679,SP3467
PRT6791680,SP3468
PRT6791681,SP3469
PRT6791682,SP3474
PRT6791683,SP3475
PRT6791684,SP3477
PRT6791685,SP3480
PRT6791686,SP3482
PRT6791687,SP3483
PRT6791688,SP3487
PRT6791689,SP3488
PRT6791690,SP3489
PRT6791691,SP3490
PRT6791692,SP3495
PRT6791693,SP3496
PRT6791694,SP3497
PRT6791695,SP3498
PRT6791696,SP3499
PRT6791697,SP3501
PRT6791698,SP3502
PRT6791699,SP3503
PRT6791700,SP3504
PRT6791701,SP3505
PRT6791702,SP3506
PRT6791703,SP3507
PRT6791704,SP3508
PRT6791705,SP3509
PRT6791706,SP3510
PRT6791707,SP3513
PRT6791708,SP3515
PRT6791709,SP3518
PRT6791710,SP3520
PRT6791711,SP3521
PRT6791712,SP3522
PRT6791713,SP3526
PRT6791714,SP3528
PRT6791715,SP3531
PRT6791716,SP3533
PRT6791717,SP3534
PRT6791718,SP3537
PRT6791719,SP3538
PRT6791720,SP3539
PRT6791721,SP3543
PRT6791722,SP3544
PRT6791723,SP3545
PRT6791724,SP3548
PRT6791725,SP3549
PRT6791726,SP3550
PRT6791727,SP3552
PRT6791728,SP3556
PRT6791729,SP3560
PRT6791730,SP3561
PRT6791731,SP3565
PRT6791732,SP3569
PRT6791733,SP3570
PRT6791734,SP3573
PRT6791735,SP3574
PRT6791736,SP3575
PRT6791737,SP3576
PRT6791738,SP3580
PRT6791739,SP3588
PRT6791740,SP3591
PRT6791741,SP3592
PRT6791742,SP3594
PRT6791743,SP3596
PRT6791744,SP3597
PRT6791745,SP3602
PRT6791746,SP3604
PRT6791747,SP3607
PRT6791748,SP3608
PRT6791749,SP3609
PRT6791750,SP3613
PRT6791751,SP3614
PRT6791752,SP3615
PRT6791753,SP3617
PRT6791754,SP3618
PRT6791755,SP3622
PRT6791756,SP3623
PRT6791757,SP3625
PRT6791758,SP3629
PRT6791759,SP3631
PRT6791760,SP3632
PRT6791761,SP3637
PRT6791762,SP3638
PRT6791763,SP3643
PRT6791764,SP3644
PRT6791765,SP3646
PRT6791766,SP3656
PRT6791767,SP3657
PRT6791768,SP3658
PRT6791769,SP3663
PRT6791770,SP3664
PRT6791771,SP3665
PRT6791772,SP3672
PRT6791773,SP3673
PRT6791774,SP3678
PRT6791775,SP3679
PRT6791776,SP3680
PRT6791777,SP3686
PRT6791778,SP3689
PRT6791779,SP3690
PRT6791780,SP3694
PRT6791781,SP3696
PRT6791782,SP3698
PRT6791783,SP3701
PRT6791784,SP3702
PRT6791785,SP3703
PRT6791786,SP3704
PRT6791787,SP3706
PRT6791788,SP3707
PRT6791789,SP3708
PRT6791790,SP3714
PRT6791791,SP3716
PRT6791792,SP3719
PRT6791793,SP3722
PRT6791794,SP3726
PRT6791795,SP3728
PRT6791796,SP3733
PRT6791797,SP3734
PRT6791798,SP3736
PRT6791799,SP3739
PRT6791800,SP3740
PRT6791801,SP3741
PRT6791802,SP3743
PRT6791803,SP3746
PRT6791804,SP3748
PRT6791805,SP3749
PRT6791806,SP3750
PRT6791807,SP3751
PRT6791808,SP3754
PRT6791809,SP3755
PRT6791810,SP3757
PRT6791811,SP3760
PRT6791812,SP3761
PRT6791813,SP3762
PRT6791814,SP3773
PRT6791815,SP3778
PRT6791816,SP3779
PRT6791817,SP3781
PRT6791818,SP3782
PRT6791819,SP3785
PRT6791820,SP3786
PRT6791821,SP3787
PRT6791822,SP3790
PRT6791823,SP3791
PRT6791824,SP3792
PRT6791825,SP3793
PRT6791826,SP3794
PRT6791827,SP1958
PRT6791828,SP3491
PRT6791829,SP009
PRT6791830,SP481
PRT6791831,SP2112
PRT6791832,SP2243
PRT6791833,SP2923
PRT6791834,SP050
PRT6791835,SP051
PRT6791836,SP063
PRT6791837,SP092
PRT6791838,SP106
PRT6791839,SP122
PRT6791840,SP129
PRT6791841,SP132
PRT6791842,SP137
PRT6791843,SP140
PRT6791844,SP152
PRT6791845,SP153
PRT6791846,SP154
PRT6791847,SP166
PRT6791848,SP173
PRT6791849,SP174
PRT6791850,SP175
PRT6791851,SP176
PRT6791852,SP177
PRT6791853,SP178
PRT6791854,SP179
PRT6791855,SP180
PRT6791856,SP181
PRT6791857,SP182
PRT6791858,SP183
PRT6791859,SP184
PRT6791860,SP185
PRT6791861,SP186
PRT6791862,SP187
PRT6791863,SP188
PRT6791864,SP189
PRT6791865,SP190
PRT6791866,SP191
PRT6791867,SP192
PRT6791868,SP193
PRT6791869,SP194
PRT6791870,SP195
PRT6791871,SP196
PRT6791872,SP294
PRT6791873,SP296
PRT6791874,SP309
PRT6791875,SP317
PRT6791876,SP326
PRT6791877,SP384
PRT6791878,SP394
PRT6791879,SP398
PRT6791880,SP445
PRT6791881,SP447
PRT6791882,SP465
PRT6791883,SP466
PRT6791884,SP467
PRT6791885,SP468
PRT6791886,SP469
PRT6791887,SP470
PRT6791888,SP471
PRT6791889,SP472
PRT6791890,SP473
PRT6791891,SP474
PRT6791892,SP475
PRT6791893,SP476
PRT6791894,SP477
PRT6791895,SP478
PRT6791896,SP479
PRT6791897,SP480
PRT6791898,SP482
PRT6791899,SP483
PRT6791900,SP484
PRT6791901,SP485
PRT6791902,SP486
PRT6791903,SP487
PRT6791904,SP488
PRT6791905,SP489
PRT6791906,SP490
PRT6791907,SP491
PRT6791908,SP492
PRT6791909,SP493
PRT6791910,SP494
PRT6791911,SP495
PRT6791912,SP496
PRT6791913,SP497
PRT6791914,SP498
PRT6791915,SP519
PRT6791916,SP542
PRT6791917,SP689
PRT6791918,SP690
PRT6791919,SP716
PRT6791920,SP728
PRT6791921,SP744
PRT6791922,SP758
PRT6791923,SP829
PRT6791924,SP830
PRT6791925,SP831
PRT6791926,SP903
PRT6791927,SP934
PRT6791928,SP952
PRT6791929,SP955
PRT6791930,SP999
PRT6791931,SP1026
PRT6791932,SP1027
PRT6791933,SP1028
PRT6791934,SP1029
PRT6791935,SP1030
PRT6791936,SP1031
PRT6791937,SP1032
PRT6791938,SP1033
PRT6791939,SP1034
PRT6791940,SP1035
PRT6791941,SP1036
PRT6791942,SP1037
PRT6791943,SP1039
PRT6791944,SP1040
PRT6791945,SP1066
PRT6791946,SP1119
PRT6791947,SP1163
PRT6791948,SP1248
PRT6791949,SP1275
PRT6791950,SP1284
PRT6791951,SP1414
PRT6791952,SP1461
PRT6791953,SP1525
PRT6791954,SP1612
PRT6791955,SP1665
PRT6791956,SP1683
PRT6791957,SP1725
PRT6791958,SP1757
PRT6791959,SP1778
PRT6791960,SP1811
PRT6791961,SP1865
PRT6791962,SP1887
PRT6791963,SP1892
PRT6791964,SP1893
PRT6791965,SP1894
PRT6791966,SP1895
PRT6791967,SP1896
PRT6791968,SP1897
PRT6791969,SP1898
PRT6791970,SP1899
PRT6791971,SP1901
PRT6791972,SP1902
PRT6791973,SP1903
PRT6791974,SP1904
PRT6791975,SP1910
PRT6791976,SP1951
PRT6791977,SP1973
PRT6791978,SP1981
PRT6791979,SP1982
PRT6791980,SP1987
PRT6791981,SP2024
PRT6791982,SP2025
PRT6791983,SP2105
PRT6791984,SP2106
PRT6791985,SP2157
PRT6791986,SP2235
PRT6791987,SP2278
PRT6791988,SP2286
PRT6791989,SP2356
PRT6791990,SP2410
PRT6791991,SP2420
PRT6791992,SP2489
PRT6791993,SP2505
PRT6791994,SP2531
PRT6791995,SP2541
PRT6791996,SP2585
PRT6791997,SP2610
PRT6791998,SP2788
PRT6791999,SP2815
PRT6792000,SP2821
PRT6792001,SP2857
PRT6792002,SP2873
PRT6792003,SP2930
PRT6792004,SP2932
PRT6792005,SP2981
PRT6792006,SP2989
PRT6792007,SP3013
PRT6792008,SP3014
PRT6792009,SP3025
PRT6792010,SP3035
PRT6792011,SP3036
PRT6792012,SP3037
PRT6792013,SP3042
PRT6792014,SP3043
PRT6792015,SP3044
PRT6792016,SP3045
PRT6792017,SP3046
PRT6792018,SP3051
PRT6792019,SP3052
PRT6792020,SP3082
PRT6792021,SP3085
PRT6792022,SP3088
PRT6792023,SP3151
PRT6792024,SP3196
PRT6792025,SP3197
PRT6792026,SP3198
PRT6792027,SP3199
PRT6792028,SP3200
PRT6792029,SP3201
PRT6792030,SP3202
PRT6792031,SP3203
PRT6792032,SP3204
PRT6792033,SP3205
PRT6792034,SP3206
PRT6792035,SP3207
PRT6792036,SP3208
PRT6792037,SP3209
PRT6792038,SP3210
PRT6792039,SP3211
PRT6792040,SP3212
PRT6792041,SP3213
PRT6792042,SP3214
PRT6792043,SP3215
PRT6792044,SP3216
PRT6792045,SP3217
PRT6792046,SP3218
PRT6792047,SP3219
PRT6792048,SP3220
PRT6792049,SP3221
PRT6792050,SP3222
PRT6792051,SP3223
PRT6792052,SP3224
PRT6792053,SP3225
PRT6792054,SP3226
PRT6792055,SP3227
PRT6792056,SP3228
PRT6792057,SP3229
PRT6792058,SP3230
PRT6792059,SP3231
PRT6792060,SP3232
PRT6792061,SP3233
PRT6792062,SP3234
PRT6792063,SP3235
PRT6792064,SP3236
PRT6792065,SP3237
PRT6792066,SP3238
PRT6792067,SP3239
PRT6792068,SP3240
PRT6792069,SP3241
PRT6792070,SP3242
PRT6792071,SP3243
PRT6792072,SP3244
PRT6792073,SP3245
PRT6792074,SP3246
PRT6792075,SP3247
PRT6792076,SP3248
PRT6792077,SP3249
PRT6792078,SP3250
PRT6792079,SP3251
PRT6792080,SP3252
PRT6792081,SP3253
PRT6792082,SP3254
PRT6792083,SP3255
PRT6792084,SP3256
PRT6792085,SP3257
PRT6792086,SP3258
PRT6792087,SP3259
PRT6792088,SP3260
PRT6792089,SP3261
PRT6792090,SP3262
PRT6792091,SP3263
PRT6792092,SP3264
PRT6792093,SP3265
PRT6792094,SP3266
PRT6792095,SP3267
PRT6792096,SP3268
PRT6792097,SP3269
PRT6792098,SP3270
PRT6792099,SP3271
PRT6792100,SP3272
PRT6792101,SP3273
PRT6792102,SP3274
PRT6792103,SP3275
PRT6792104,SP3276
PRT6792105,SP3277
PRT6792106,SP3278
PRT6792107,SP3279
PRT6792108,SP3280
PRT6792109,SP3281
PRT6792110,SP3282
PRT6792111,SP3283
PRT6792112,SP3284
PRT6792113,SP3285
PRT6792114,SP3286
PRT6792115,SP3287
PRT6792116,SP3288
PRT6792117,SP3289
PRT6792118,SP3290
PRT6792119,SP3291
PRT6792120,SP3292
PRT6792121,SP3293
PRT6792122,SP3294
PRT6792123,SP3295
PRT6792124,SP3296
PRT6792125,SP3297
PRT6792126,SP3299
PRT6792127,SP3300
PRT6792128,SP3301
PRT6792129,SP3302
PRT6792130,SP3303
PRT6792131,SP3304
PRT6792132,SP3305
PRT6792133,SP3306
PRT6792134,SP3307
PRT6792135,SP3308
PRT6792136,SP3309
PRT6792137,SP3310
PRT6792138,SP3311
PRT6792139,SP3312
PRT6792140,SP3313
PRT6792141,SP3314
PRT6792142,SP3315
PRT6792143,SP3316
PRT6792144,SP3317
PRT6792145,SP3318
PRT6792146,SP3319
PRT6792147,SP3320
PRT6792148,SP3321
PRT6792149,SP3322
PRT6792150,SP3323
PRT6792151,SP3324
PRT6792152,SP3325
PRT6792153,SP3326
PRT6792154,SP3327
PRT6792155,SP3328
PRT6792156,SP3329
PRT6792157,SP3330
PRT6792158,SP3331
PRT6792159,SP3332
PRT6792160,SP3333
PRT6792161,SP3334
PRT6792162,SP3335
PRT6792163,SP3336
PRT6792164,SP3337
PRT6792165,SP3338
PRT6792166,SP3339
PRT6792167,SP3340
PRT6792168,SP3341
PRT6792169,SP3342
PRT6792170,SP3343
PRT6792171,SP3344
PRT6792172,SP3345
PRT6792173,SP3346
PRT6792174,SP3347
PRT6792175,SP3348
PRT6792176,SP3349
PRT6792177,SP3350
PRT6792178,SP3351
PRT6792179,SP3352
PRT6792180,SP3353
PRT6792181,SP3354
PRT6792182,SP3355
PRT6792183,SP3356
PRT6792184,SP3357
PRT6792185,SP3358
PRT6792186,SP3359
PRT6792187,SP3360
PRT6792188,SP3361
PRT6792189,SP3362
PRT6792190,SP3363
PRT6792191,SP3364
PRT6792192,SP3365
PRT6792193,SP3366
PRT6792194,SP3367
PRT6792195,SP3368
PRT6792196,SP3369
PRT6792197,SP3370
PRT6792198,SP3371
PRT6792199,SP3372
PRT6792200,SP3373
PRT6792201,SP3374
PRT6792202,SP3375
PRT6792203,SP3376
PRT6792204,SP3377
PRT6792205,SP3378
PRT6792206,SP3379
PRT6792207,SP3380
PRT6792208,SP3381
PRT6792209,SP3382
PRT6792210,SP3383
PRT6792211,SP3384
PRT6792212,SP3385
PRT6792213,SP3386
PRT6792214,SP3457
PRT6792215,SP3525
PRT6792216,SP3542
PRT6792217,SP3566
PRT6792218,SP3571
PRT6792219,SP3584
PRT6792220,SP3612
PRT6792221,SP3676
PRT6792222,SP3683
PRT6792223,SP3747
PRT6792224,SP3753
PRT6792225,SP3766
PRT6792226,SP3767
PRT6792227,SP3768
PRT6792228,SP3769
PRT6792229,SP3770
PRT6792230,SP3771
PRT6792231,SP3772
PRT6792232,SP3774
PRT6792233,SP3777
PRT6792234,SP3795
PRT6792235,SP003
PRT6792236,SP013
PRT6792237,SP016
PRT6792238,SP017
PRT6792239,SP021
PRT6792240,SP024
PRT6792241,SP031
PRT6792242,SP034
PRT6792243,SP039
PRT6792244,SP040
PRT6792245,SP041
PRT6792246,SP042
PRT6792247,SP043
PRT6792248,SP045
PRT6792249,SP046
PRT6792250,SP047
PRT6792251,SP049
PRT6792252,SP052
PRT6792253,SP056
PRT6792254,SP057
PRT6792255,SP058
PRT6792256,SP059
PRT6792257,SP061
PRT6792258,SP062
PRT6792259,SP071
PRT6792260,SP074
PRT6792261,SP076
PRT6792262,SP078
PRT6792263,SP079
PRT6792264,SP089
PRT6792265,SP091
PRT6792266,SP094
PRT6792267,SP100
PRT6792268,SP104
PRT6792269,SP109
PRT6792270,SP110
PRT6792271,SP117
PRT6792272,SP120
PRT6792273,SP126
PRT6792274,SP151
PRT6792275,SP156
PRT6792276,SP162
PRT6792277,SP169
PRT6792278,SP200
PRT6792279,SP201
PRT6792280,SP202
PRT6792281,SP204
PRT6792282,SP208
PRT6792283,SP210
PRT6792284,SP212
PRT6792285,SP215
PRT6792286,SP218
PRT6792287,SP229
PRT6792288,SP231
PRT6792289,SP232
PRT6792290,SP233
PRT6792291,SP234
PRT6792292,SP237
PRT6792293,SP239
PRT6792294,SP241
PRT6792295,SP242
PRT6792296,SP243
PRT6792297,SP244
PRT6792298,SP246
PRT6792299,SP257
PRT6792300,SP258
PRT6792301,SP260
PRT6792302,SP266
PRT6792303,SP268
PRT6792304,SP269
PRT6792305,SP270
PRT6792306,SP273
PRT6792307,SP280
PRT6792308,SP281
PRT6792309,SP284
PRT6792310,SP287
PRT6792311,SP289
PRT6792312,SP291
PRT6792313,SP301
PRT6792314,SP305
PRT6792315,SP310
PRT6792316,SP312
PRT6792317,SP316
PRT6792318,SP318
PRT6792319,SP321
PRT6792320,SP322
PRT6792321,SP323
PRT6792322,SP325
PRT6792323,SP330
PRT6792324,SP333
PRT6792325,SP335
PRT6792326,SP339
PRT6792327,SP342
PRT6792328,SP343
PRT6792329,SP345
PRT6792330,SP347
PRT6792331,SP348
PRT6792332,SP349
PRT6792333,SP350
PRT6792334,SP352
PRT6792335,SP355
PRT6792336,SP356
PRT6792337,SP357
PRT6792338,SP359
PRT6792339,SP360
PRT6792340,SP362
PRT6792341,SP363
PRT6792342,SP368
PRT6792343,SP370
PRT6792344,SP375
PRT6792345,SP377
PRT6792346,SP380
PRT6792347,SP381
PRT6792348,SP382
PRT6792349,SP383
PRT6792350,SP386
PRT6792351,SP387
PRT6792352,SP396
PRT6792353,SP402
PRT6792354,SP404
PRT6792355,SP408
PRT6792356,SP409
PRT6792357,SP410
PRT6792358,SP411
PRT6792359,SP414
PRT6792360,SP418
PRT6792361,SP421
PRT6792362,SP422
PRT6792363,SP423
PRT6792364,SP425
PRT6792365,SP434
PRT6792366,SP440
PRT6792367,SP441
PRT6792368,SP446
PRT6792369,SP448
PRT6792370,SP449
PRT6792371,SP452
PRT6792372,SP454
PRT6792373,SP457
PRT6792374,SP463
PRT6792375,SP499
PRT6792376,SP501
PRT6792377,SP504
PRT6792378,SP505
PRT6792379,SP510
PRT6792380,SP512
PRT6792381,SP514
PRT6792382,SP515
PRT6792383,SP520
PRT6792384,SP524
PRT6792385,SP531
PRT6792386,SP539
PRT6792387,SP543
PRT6792388,SP544
PRT6792389,SP546
PRT6792390,SP547
PRT6792391,SP548
PRT6792392,SP550
PRT6792393,SP551
PRT6792394,SP552
PRT6792395,SP554
PRT6792396,SP557
PRT6792397,SP558
PRT6792398,SP560
PRT6792399,SP562
PRT6792400,SP563
PRT6792401,SP564
PRT6792402,SP568
PRT6792403,SP574
PRT6792404,SP578
PRT6792405,SP584
PRT6792406,SP586
PRT6792407,SP590
PRT6792408,SP593
PRT6792409,SP596
PRT6792410,SP597
PRT6792411,SP602
PRT6792412,SP606
PRT6792413,SP607
PRT6792414,SP613
PRT6792415,SP614
PRT6792416,SP616
PRT6792417,SP619
PRT6792418,SP622
PRT6792419,SP625
PRT6792420,SP629
PRT6792421,SP634
PRT6792422,SP636
PRT6792423,SP637
PRT6792424,SP642
PRT6792425,SP648
PRT6792426,SP649
PRT6792427,SP651
PRT6792428,SP655
PRT6792429,SP665
PRT6792430,SP666
PRT6792431,SP667
PRT6792432,SP668
PRT6792433,SP672
PRT6792434,SP674
PRT6792435,SP676
PRT6792436,SP678
PRT6792437,SP680
PRT6792438,SP681
PRT6792439,SP683
PRT6792440,SP685
PRT6792441,SP686
PRT6792442,SP687
PRT6792443,SP688
PRT6792444,SP691
PRT6792445,SP694
PRT6792446,SP698
PRT6792447,SP699
PRT6792448,SP701
PRT6792449,SP702
PRT6792450,SP709
PRT6792451,SP711
PRT6792452,SP717
PRT6792453,SP718
PRT6792454,SP724
PRT6792455,SP727
PRT6792456,SP733
PRT6792457,SP737
PRT6792458,SP739
PRT6792459,SP740
PRT6792460,SP743
PRT6792461,SP746
PRT6792462,SP751
PRT6792463,SP752
PRT6792464,SP755
PRT6792465,SP757
PRT6792466,SP759
PRT6792467,SP760
PRT6792468,SP769
PRT6792469,SP771
PRT6792470,SP772
PRT6792471,SP773
PRT6792472,SP774
PRT6792473,SP775
PRT6792474,SP778
PRT6792475,SP780
PRT6792476,SP783
PRT6792477,SP784
PRT6792478,SP785
PRT6792479,SP788
PRT6792480,SP790
PRT6792481,SP794
PRT6792482,SP799
PRT6792483,SP801
PRT6792484,SP804
PRT6792485,SP805
PRT6792486,SP809
PRT6792487,SP810
PRT6792488,SP811
PRT6792489,SP814
PRT6792490,SP819
PRT6792491,SP820
PRT6792492,SP822
PRT6792493,SP823
PRT6792494,SP827
PRT6792495,SP835
PRT6792496,SP837
PRT6792497,SP838
PRT6792498,SP842
PRT6792499,SP844
PRT6792500,SP848
PRT6792501,SP849
PRT6792502,SP850
PRT6792503,SP853
PRT6792504,SP854
PRT6792505,SP855
PRT6792506,SP856
PRT6792507,SP858
PRT6792508,SP863
PRT6792509,SP868
PRT6792510,SP869
PRT6792511,SP870
PRT6792512,SP872
PRT6792513,SP873
PRT6792514,SP881
PRT6792515,SP882
PRT6792516,SP884
PRT6792517,SP888
PRT6792518,SP900
PRT6792519,SP901
PRT6792520,SP904
PRT6792521,SP905
PRT6792522,SP907
PRT6792523,SP913
PRT6792524,SP917
PRT6792525,SP921
PRT6792526,SP924
PRT6792527,SP927
PRT6792528,SP929
PRT6792529,SP930
PRT6792530,SP931
PRT6792531,SP933
PRT6792532,SP935
PRT6792533,SP936
PRT6792534,SP937
PRT6792535,SP938
PRT6792536,SP940
PRT6792537,SP942
PRT6792538,SP944
PRT6792539,SP945
PRT6792540,SP948
PRT6792541,SP954
PRT6792542,SP963
PRT6792543,SP971
PRT6792544,SP973
PRT6792545,SP974
PRT6792546,SP975
PRT6792547,SP976
PRT6792548,SP977
PRT6792549,SP978
PRT6792550,SP979
PRT6792551,SP981
PRT6792552,SP982
PRT6792553,SP983
PRT6792554,SP984
PRT6792555,SP992
PRT6792556,SP993
PRT6792557,SP995
PRT6792558,SP997
PRT6792559,SP998
PRT6792560,SP1005
PRT6792561,SP1008
PRT6792562,SP1009
PRT6792563,SP1015
PRT6792564,SP1016
PRT6792565,SP1018
PRT6792566,SP1021
PRT6792567,SP1050
PRT6792568,SP1053
PRT6792569,SP1054
PRT6792570,SP1056
PRT6792571,SP1061
PRT6792572,SP1063
PRT6792573,SP1064
PRT6792574,SP1068
PRT6792575,SP1072
PRT6792576,SP1076
PRT6792577,SP1078
PRT6792578,SP1079
PRT6792579,SP1081
PRT6792580,SP1084
PRT6792581,SP1087
PRT6792582,SP1088
PRT6792583,SP1089
PRT6792584,SP1090
PRT6792585,SP1091
PRT6792586,SP1093
PRT6792587,SP1094
PRT6792588,SP1098
PRT6792589,SP1100
PRT6792590,SP1108
PRT6792591,SP1109
PRT6792592,SP1113
PRT6792593,SP1121
PRT6792594,SP1124
PRT6792595,SP1126
PRT6792596,SP1130
PRT6792597,SP1132
PRT6792598,SP1133
PRT6792599,SP1137
PRT6792600,SP1138
PRT6792601,SP1146
PRT6792602,SP1152
PRT6792603,SP1153
PRT6792604,SP1154
PRT6792605,SP1158
PRT6792606,SP1162
PRT6792607,SP1167
PRT6792608,SP1168
PRT6792609,SP1169
PRT6792610,SP1171
PRT6792611,SP1172
PRT6792612,SP1175
PRT6792613,SP1176
PRT6792614,SP1177
PRT6792615,SP1182
PRT6792616,SP1188
PRT6792617,SP1189
PRT6792618,SP1193
PRT6792619,SP1194
PRT6792620,SP1195
PRT6792621,SP1199
PRT6792622,SP1200
PRT6792623,SP1201
PRT6792624,SP1202
PRT6792625,SP1203
PRT6792626,SP1204
PRT6792627,SP1206
PRT6792628,SP1207
PRT6792629,SP1210
PRT6792630,SP1212
PRT6792631,SP1213
PRT6792632,SP1214
PRT6792633,SP1215
PRT6792634,SP1216
PRT6792635,SP1218
PRT6792636,SP1222
PRT6792637,SP1223
PRT6792638,SP1229
PRT6792639,SP1231
PRT6792640,SP1237
PRT6792641,SP1240
PRT6792642,SP1243
PRT6792643,SP1247
PRT6792644,SP1250
PRT6792645,SP1253
PRT6792646,SP1256
PRT6792647,SP1258
PRT6792648,SP1260
PRT6792649,SP1261
PRT6792650,SP1262
PRT6792651,SP1263
PRT6792652,SP1266
PRT6792653,SP1268
PRT6792654,SP1269
PRT6792655,SP1270
PRT6792656,SP1273
PRT6792657,SP1274
PRT6792658,SP1276
PRT6792659,SP1278
PRT6792660,SP1279
PRT6792661,SP1281
PRT6792662,SP1282
PRT6792663,SP1283
PRT6792664,SP1286
PRT6792665,SP1288
PRT6792666,SP1290
PRT6792667,SP1293
PRT6792668,SP1294
PRT6792669,SP1299
PRT6792670,SP1300
PRT6792671,SP1303
PRT6792672,SP1304
PRT6792673,SP1305
PRT6792674,SP1306
PRT6792675,SP1307
PRT6792676,SP1312
PRT6792677,SP1313
PRT6792678,SP1314
PRT6792679,SP1316
PRT6792680,SP1317
PRT6792681,SP1318
PRT6792682,SP1319
PRT6792683,SP1320
PRT6792684,SP1323
PRT6792685,SP1325
PRT6792686,SP1326
PRT6792687,SP1328
PRT6792688,SP1329
PRT6792689,SP1331
PRT6792690,SP1332
PRT6792691,SP1333
PRT6792692,SP1334
PRT6792693,SP1338
PRT6792694,SP1339
PRT6792695,SP1342
PRT6792696,SP1343
PRT6792697,SP1348
PRT6792698,SP1350
PRT6792699,SP1351
PRT6792700,SP1353
PRT6792701,SP1354
PRT6792702,SP1357
PRT6792703,SP1362
PRT6792704,SP1364
PRT6792705,SP1369
PRT6792706,SP1371
PRT6792707,SP1372
PRT6792708,SP1374
PRT6792709,SP1377
PRT6792710,SP1378
PRT6792711,SP1383
PRT6792712,SP1384
PRT6792713,SP1393
PRT6792714,SP1395
PRT6792715,SP1396
PRT6792716,SP1403
PRT6792717,SP1407
PRT6792718,SP1408
PRT6792719,SP1409
PRT6792720,SP1410
PRT6792721,SP1418
PRT6792722,SP1420
PRT6792723,SP1421
PRT6792724,SP1422
PRT6792725,SP1426
PRT6792726,SP1430
PRT6792727,SP1436
PRT6792728,SP1440
PRT6792729,SP1446
PRT6792730,SP1449
PRT6792731,SP1450
PRT6792732,SP1451
PRT6792733,SP1452
PRT6792734,SP1454
PRT6792735,SP1457
PRT6792736,SP1458
PRT6792737,SP1459
PRT6792738,SP1463
PRT6792739,SP1465
PRT6792740,SP1467
PRT6792741,SP1469
PRT6792742,SP1474
PRT6792743,SP1478
PRT6792744,SP1484
PRT6792745,SP1486
PRT6792746,SP1488
PRT6792747,SP1489
PRT6792748,SP1490
PRT6792749,SP1494
PRT6792750,SP1497
PRT6792751,SP1498
PRT6792752,SP1504
PRT6792753,SP1508
PRT6792754,SP1510
PRT6792755,SP1518
PRT6792756,SP1523
PRT6792757,SP1526
PRT6792758,SP1529
PRT6792759,SP1530
PRT6792760,SP1534
PRT6792761,SP1538
PRT6792762,SP1542
PRT6792763,SP1543
PRT6792764,SP1546
PRT6792765,SP1549
PRT6792766,SP1550
PRT6792767,SP1555
PRT6792768,SP1556
PRT6792769,SP1558
PRT6792770,SP1561
PRT6792771,SP1568
PRT6792772,SP1573
PRT6792773,SP1574
PRT6792774,SP1575
PRT6792775,SP1576
PRT6792776,SP1583
PRT6792777,SP1587
PRT6792778,SP1593
PRT6792779,SP1596
PRT6792780,SP1598
PRT6792781,SP1600
PRT6792782,SP1601
PRT6792783,SP1604
PRT6792784,SP1605
PRT6792785,SP1607
PRT6792786,SP1608
PRT6792787,SP1609
PRT6792788,SP1610
PRT6792789,SP1613
PRT6792790,SP1616
PRT6792791,SP1617
PRT6792792,SP1620
PRT6792793,SP1621
PRT6792794,SP1624
PRT6792795,SP1627
PRT6792796,SP1633
PRT6792797,SP1634
PRT6792798,SP1635
PRT6792799,SP1637
PRT6792800,SP1638
PRT6792801,SP1639
PRT6792802,SP1641
PRT6792803,SP1642
PRT6792804,SP1643
PRT6792805,SP1644
PRT6792806,SP1645
PRT6792807,SP1648
PRT6792808,SP1649
PRT6792809,SP1651
PRT6792810,SP1652
PRT6792811,SP1655
PRT6792812,SP1657
PRT6792813,SP1660
PRT6792814,SP1662
PRT6792815,SP1666
PRT6792816,SP1671
PRT6792817,SP1672
PRT6792818,SP1674
PRT6792819,SP1675
PRT6792820,SP1677
PRT6792821,SP1678
PRT6792822,SP1681
PRT6792823,SP1682
PRT6792824,SP1684
PRT6792825,SP1685
PRT6792826,SP1686
PRT6792827,SP1692
PRT6792828,SP1693
PRT6792829,SP1694
PRT6792830,SP1701
PRT6792831,SP1702
PRT6792832,SP1705
PRT6792833,SP1706
PRT6792834,SP1707
PRT6792835,SP1708
PRT6792836,SP1713
PRT6792837,SP1714
PRT6792838,SP1715
PRT6792839,SP1716
PRT6792840,SP1717
PRT6792841,SP1719
PRT6792842,SP1721
PRT6792843,SP1722
PRT6792844,SP1724
PRT6792845,SP1726
PRT6792846,SP1727
PRT6792847,SP1728
PRT6792848,SP1731
PRT6792849,SP1736
PRT6792850,SP1743
PRT6792851,SP1746
PRT6792852,SP1752
PRT6792853,SP1763
PRT6792854,SP1765
PRT6792855,SP1772
PRT6792856,SP1776
PRT6792857,SP1780
PRT6792858,SP1783
PRT6792859,SP1787
PRT6792860,SP1793
PRT6792861,SP1800
PRT6792862,SP1802
PRT6792863,SP1807
PRT6792864,SP1809
PRT6792865,SP1814
PRT6792866,SP1815
PRT6792867,SP1818
PRT6792868,SP1821
PRT6792869,SP1823
PRT6792870,SP1826
PRT6792871,SP1829
PRT6792872,SP1831
PRT6792873,SP1842
PRT6792874,SP1845
PRT6792875,SP1846
PRT6792876,SP1847
PRT6792877,SP1849
PRT6792878,SP1850
PRT6792879,SP1855
PRT6792880,SP1858
PRT6792881,SP1859
PRT6792882,SP1860
PRT6792883,SP1868
PRT6792884,SP1869
PRT6792885,SP1874
PRT6792886,SP1878
PRT6792887,SP1884
PRT6792888,SP1890
PRT6792889,SP1905
PRT6792890,SP1906
PRT6792891,SP1907
PRT6792892,SP1909
PRT6792893,SP1914
PRT6792894,SP1916
PRT6792895,SP1917
PRT6792896,SP1918
PRT6792897,SP1921
PRT6792898,SP1923
PRT6792899,SP1925
PRT6792900,SP1926
PRT6792901,SP1929
PRT6792902,SP1932
PRT6792903,SP1934
PRT6792904,SP1935
PRT6792905,SP1936
PRT6792906,SP1941
PRT6792907,SP1943
PRT6792908,SP1944
PRT6792909,SP1950
PRT6792910,SP1955
PRT6792911,SP1957
PRT6792912,SP1961
PRT6792913,SP1963
PRT6792914,SP1966
PRT6792915,SP1967
PRT6792916,SP1968
PRT6792917,SP1970
PRT6792918,SP1971
PRT6792919,SP1972
PRT6792920,SP1976
PRT6792921,SP1984
PRT6792922,SP1992
PRT6792923,SP1993
PRT6792924,SP1995
PRT6792925,SP2003
PRT6792926,SP2004
PRT6792927,SP2005
PRT6792928,SP2007
PRT6792929,SP2008
PRT6792930,SP2019
PRT6792931,SP2020
PRT6792932,SP2022
PRT6792933,SP2029
PRT6792934,SP2030
PRT6792935,SP2032
PRT6792936,SP2033
PRT6792937,SP2034
PRT6792938,SP2037
PRT6792939,SP2040
PRT6792940,SP2041
PRT6792941,SP2043
PRT6792942,SP2044
PRT6792943,SP2052
PRT6792944,SP2054
PRT6792945,SP2058
PRT6792946,SP2059
PRT6792947,SP2061
PRT6792948,SP2064
PRT6792949,SP2067
PRT6792950,SP2068
PRT6792951,SP2069
PRT6792952,SP2070
PRT6792953,SP2078
PRT6792954,SP2085
PRT6792955,SP2086
PRT6792956,SP2088
PRT6792957,SP2089
PRT6792958,SP2090
PRT6792959,SP2092
PRT6792960,SP2097
PRT6792961,SP2098
PRT6792962,SP2100
PRT6792963,SP2101
PRT6792964,SP2102
PRT6792965,SP2103
PRT6792966,SP2107
PRT6792967,SP2108
PRT6792968,SP2113
PRT6792969,SP2115
PRT6792970,SP2119
PRT6792971,SP2120
PRT6792972,SP2121
PRT6792973,SP2124
PRT6792974,SP2126
PRT6792975,SP2127
PRT6792976,SP2131
PRT6792977,SP2134
PRT6792978,SP2135
PRT6792979,SP2137
PRT6792980,SP2138
PRT6792981,SP2140
PRT6792982,SP2146
PRT6792983,SP2150
PRT6792984,SP2151
PRT6792985,SP2155
PRT6792986,SP2156
PRT6792987,SP2161
PRT6792988,SP2162
PRT6792989,SP2165
PRT6792990,SP2166
PRT6792991,SP2167
PRT6792992,SP2170
PRT6792993,SP2174
PRT6792994,SP2177
PRT6792995,SP2180
PRT6792996,SP2182
PRT6792997,SP2183
PRT6792998,SP2184
PRT6792999,SP2186
PRT6793000,SP2188
PRT6793001,SP2192
PRT6793002,SP2198
PRT6793003,SP2199
PRT6793004,SP2201
PRT6793005,SP2203
PRT6793006,SP2204
PRT6793007,SP2210
PRT6793008,SP2211
PRT6793009,SP2217
PRT6793010,SP2218
PRT6793011,SP2220
PRT6793012,SP2223
PRT6793013,SP2225
PRT6793014,SP2227
PRT6793015,SP2228
PRT6793016,SP2230
PRT6793017,SP2232
PRT6793018,SP2233
PRT6793019,SP2234
PRT6793020,SP2236
PRT6793021,SP2237
PRT6793022,SP2238
PRT6793023,SP2239
PRT6793024,SP2240
PRT6793025,SP2241
PRT6793026,SP2242
PRT6793027,SP2244
PRT6793028,SP2245
PRT6793029,SP2246
PRT6793030,SP2248
PRT6793031,SP2249
PRT6793032,SP2251
PRT6793033,SP2257
PRT6793034,SP2260
PRT6793035,SP2261
PRT6793036,SP2265
PRT6793037,SP2266
PRT6793038,SP2268
PRT6793039,SP2269
PRT6793040,SP2273
PRT6793041,SP2276
PRT6793042,SP2282
PRT6793043,SP2284
PRT6793044,SP2285
PRT6793045,SP2290
PRT6793046,SP2295
PRT6793047,SP2297
PRT6793048,SP2299
PRT6793049,SP2300
PRT6793050,SP2301
PRT6793051,SP2302
PRT6793052,SP2303
PRT6793053,SP2307
PRT6793054,SP2310
PRT6793055,SP2311
PRT6793056,SP2313
PRT6793057,SP2315
PRT6793058,SP2316
PRT6793059,SP2318
PRT6793060,SP2320
PRT6793061,SP2321
PRT6793062,SP2324
PRT6793063,SP2326
PRT6793064,SP2327
PRT6793065,SP2334
PRT6793066,SP2336
PRT6793067,SP2337
PRT6793068,SP2338
PRT6793069,SP2339
PRT6793070,SP2341
PRT6793071,SP2343
PRT6793072,SP2346
PRT6793073,SP2348
PRT6793074,SP2350
PRT6793075,SP2352
PRT6793076,SP2355
PRT6793077,SP2359
PRT6793078,SP2360
PRT6793079,SP2362
PRT6793080,SP2363
PRT6793081,SP2367
PRT6793082,SP2369
PRT6793083,SP2370
PRT6793084,SP2374
PRT6793085,SP2376
PRT6793086,SP2377
PRT6793087,SP2379
PRT6793088,SP2380
PRT6793089,SP2381
PRT6793090,SP2385
PRT6793091,SP2387
PRT6793092,SP2389
PRT6793093,SP2390
PRT6793094,SP2391
PRT6793095,SP2392
PRT6793096,SP2393
PRT6793097,SP2397
PRT6793098,SP2398
PRT6793099,SP2402
PRT6793100,SP2403
PRT6793101,SP2411
PRT6793102,SP2412
PRT6793103,SP2414
PRT6793104,SP2417
PRT6793105,SP2419
PRT6793106,SP2421
PRT6793107,SP2422
PRT6793108,SP2423
PRT6793109,SP2424
PRT6793110,SP2426
PRT6793111,SP2429
PRT6793112,SP2431
PRT6793113,SP2437
PRT6793114,SP2438
PRT6793115,SP2441
PRT6793116,SP2442
PRT6793117,SP2444
PRT6793118,SP2450
PRT6793119,SP2451
PRT6793120,SP2452
PRT6793121,SP2453
PRT6793122,SP2454
PRT6793123,SP2456
PRT6793124,SP2458
PRT6793125,SP2459
PRT6793126,SP2462
PRT6793127,SP2463
PRT6793128,SP2464
PRT6793129,SP2467
PRT6793130,SP2468
PRT6793131,SP2470
PRT6793132,SP2471
PRT6793133,SP2476
PRT6793134,SP2479
PRT6793135,SP2482
PRT6793136,SP2484
PRT6793137,SP2485
PRT6793138,SP2486
PRT6793139,SP2487
PRT6793140,SP2491
PRT6793141,SP2494
PRT6793142,SP2503
PRT6793143,SP2504
PRT6793144,SP2510
PRT6793145,SP2511
PRT6793146,SP2512
PRT6793147,SP2514
PRT6793148,SP2516
PRT6793149,SP2517
PRT6793150,SP2518
PRT6793151,SP2521
PRT6793152,SP2527
PRT6793153,SP2530
PRT6793154,SP2533
PRT6793155,SP2535
PRT6793156,SP2538
PRT6793157,SP2542
PRT6793158,SP2543
PRT6793159,SP2545
PRT6793160,SP2546
PRT6793161,SP2550
PRT6793162,SP2556
PRT6793163,SP2560
PRT6793164,SP2573
PRT6793165,SP2577
PRT6793166,SP2581
PRT6793167,SP2582
PRT6793168,SP2583
PRT6793169,SP2587
PRT6793170,SP2590
PRT6793171,SP2591
PRT6793172,SP2593
PRT6793173,SP2594
PRT6793174,SP2596
PRT6793175,SP2598
PRT6793176,SP2599
PRT6793177,SP2603
PRT6793178,SP2606
PRT6793179,SP2608
PRT6793180,SP2612
PRT6793181,SP2614
PRT6793182,SP2616
PRT6793183,SP2617
PRT6793184,SP2619
PRT6793185,SP2624
PRT6793186,SP2628
PRT6793187,SP2631
PRT6793188,SP2632
PRT6793189,SP2637
PRT6793190,SP2638
PRT6793191,SP2643
PRT6793192,SP2644
PRT6793193,SP2651
PRT6793194,SP2654
PRT6793195,SP2656
PRT6793196,SP2660
PRT6793197,SP2662
PRT6793198,SP2663
PRT6793199,SP2674
PRT6793200,SP2676
PRT6793201,SP2678
PRT6793202,SP2682
PRT6793203,SP2683
PRT6793204,SP2687
PRT6793205,SP2689
PRT6793206,SP2694
PRT6793207,SP2695
PRT6793208,SP2696
PRT6793209,SP2699
PRT6793210,SP2704
PRT6793211,SP2705
PRT6793212,SP2706
PRT6793213,SP2707
PRT6793214,SP2708
PRT6793215,SP2711
PRT6793216,SP2713
PRT6793217,SP2718
PRT6793218,SP2719
PRT6793219,SP2721
PRT6793220,SP2724
PRT6793221,SP2726
PRT6793222,SP2727
PRT6793223,SP2728
PRT6793224,SP2729
PRT6793225,SP2733
PRT6793226,SP2737
PRT6793227,SP2738
PRT6793228,SP2739
PRT6793229,SP2740
PRT6793230,SP2741
PRT6793231,SP2742
PRT6793232,SP2743
PRT6793233,SP2744
PRT6793234,SP2745
PRT6793235,SP2749
PRT6793236,SP2751
PRT6793237,SP2753
PRT6793238,SP2756
PRT6793239,SP2759
PRT6793240,SP2761
PRT6793241,SP2766
PRT6793242,SP2767
PRT6793243,SP2771
PRT6793244,SP2773
PRT6793245,SP2774
PRT6793246,SP2779
PRT6793247,SP2782
PRT6793248,SP2785
PRT6793249,SP2789
PRT6793250,SP2792
PRT6793251,SP2793
PRT6793252,SP2796
PRT6793253,SP2797
PRT6793254,SP2802
PRT6793255,SP2803
PRT6793256,SP2807
PRT6793257,SP2811
PRT6793258,SP2813
PRT6793259,SP2814
PRT6793260,SP2816
PRT6793261,SP2817
PRT6793262,SP2820
PRT6793263,SP2822
PRT6793264,SP2823
PRT6793265,SP2824
PRT6793266,SP2832
PRT6793267,SP2833
PRT6793268,SP2834
PRT6793269,SP2836
PRT6793270,SP2839
PRT6793271,SP2851
PRT6793272,SP2852
PRT6793273,SP2854
PRT6793274,SP2856
PRT6793275,SP2862
PRT6793276,SP2864
PRT6793277,SP2871
PRT6793278,SP2872
PRT6793279,SP2875
PRT6793280,SP2876
PRT6793281,SP2883
PRT6793282,SP2885
PRT6793283,SP2890
PRT6793284,SP2892
PRT6793285,SP2893
PRT6793286,SP2894
PRT6793287,SP2896
PRT6793288,SP2900
PRT6793289,SP2902
PRT6793290,SP2903
PRT6793291,SP2904
PRT6793292,SP2911
PRT6793293,SP2913
PRT6793294,SP2914
PRT6793295,SP2917
PRT6793296,SP2921
PRT6793297,SP2924
PRT6793298,SP2927
PRT6793299,SP2928
PRT6793300,SP2929
PRT6793301,SP2941
PRT6793302,SP2942
PRT6793303,SP2945
PRT6793304,SP2949
PRT6793305,SP2952
PRT6793306,SP2956
PRT6793307,SP2957
PRT6793308,SP2959
PRT6793309,SP2960
PRT6793310,SP2961
PRT6793311,SP2965
PRT6793312,SP2971
PRT6793313,SP2973
PRT6793314,SP2979
PRT6793315,SP2980
PRT6793316,SP2985
PRT6793317,SP2986
PRT6793318,SP2987
PRT6793319,SP2992
PRT6793320,SP2995
PRT6793321,SP2996
PRT6793322,SP2997
PRT6793323,SP2999
PRT6793324,SP3000
PRT6793325,SP3001
PRT6793326,SP3009
PRT6793327,SP3010
PRT6793328,SP3012
PRT6793329,SP3015
PRT6793330,SP3016
PRT6793331,SP3017
PRT6793332,SP3018
PRT6793333,SP3019
PRT6793334,SP3020
PRT6793335,SP3022
PRT6793336,SP3024
PRT6793337,SP3026
PRT6793338,SP3027
PRT6793339,SP3028
PRT6793340,SP3029
PRT6793341,SP3049
PRT6793342,SP3054
PRT6793343,SP3057
PRT6793344,SP3058
PRT6793345,SP3063
PRT6793346,SP3068
PRT6793347,SP3071
PRT6793348,SP3075
PRT6793349,SP3078
PRT6793350,SP3096
PRT6793351,SP3097
PRT6793352,SP3098
PRT6793353,SP3099
PRT6793354,SP3100
PRT6793355,SP3102
PRT6793356,SP3104
PRT6793357,SP3109
PRT6793358,SP3116
PRT6793359,SP3117
PRT6793360,SP3118
PRT6793361,SP3119
PRT6793362,SP3122
PRT6793363,SP3125
PRT6793364,SP3127
PRT6793365,SP3129
PRT6793366,SP3131
PRT6793367,SP3132
PRT6793368,SP3135
PRT6793369,SP3137
PRT6793370,SP3139
PRT6793371,SP3141
PRT6793372,SP3142
PRT6793373,SP3143
PRT6793374,SP3150
PRT6793375,SP3152
PRT6793376,SP3153
PRT6793377,SP3158
PRT6793378,SP3162
PRT6793379,SP3165
PRT6793380,SP3166
PRT6793381,SP3169
PRT6793382,SP3171
PRT6793383,SP3178
PRT6793384,SP3179
PRT6793385,SP3181
PRT6793386,SP3183
PRT6793387,SP3187
PRT6793388,SP3192
PRT6793389,SP3193
PRT6793390,SP3194
PRT6793391,SP3387
PRT6793392,SP3388
PRT6793393,SP3393
PRT6793394,SP3394
PRT6793395,SP3396
PRT6793396,SP3400
PRT6793397,SP3402
PRT6793398,SP3403
PRT6793399,SP3405
PRT6793400,SP3406
PRT6793401,SP3408
PRT6793402,SP3411
PRT6793403,SP3412
PRT6793404,SP3414
PRT6793405,SP3415
PRT6793406,SP3417
PRT6793407,SP3419
PRT6793408,SP3422
PRT6793409,SP3424
PRT6793410,SP3425
PRT6793411,SP3427
PRT6793412,SP3428
PRT6793413,SP3434
PRT6793414,SP3436
PRT6793415,SP3438
PRT6793416,SP3439
PRT6793417,SP3444
PRT6793418,SP3447
PRT6793419,SP3448
PRT6793420,SP3449
PRT6793421,SP3450
PRT6793422,SP3452
PRT6793423,SP3454
PRT6793424,SP3455
PRT6793425,SP3456
PRT6793426,SP3459
PRT6793427,SP3463
PRT6793428,SP3464
PRT6793429,SP3470
PRT6793430,SP3471
PRT6793431,SP3472
PRT6793432,SP3473
PRT6793433,SP3476
PRT6793434,SP3478
PRT6793435,SP3479
PRT6793436,SP3481
PRT6793437,SP3485
PRT6793438,SP3500
PRT6793439,SP3512
PRT6793440,SP3514
PRT6793441,SP3516
PRT6793442,SP3517
PRT6793443,SP3519
PRT6793444,SP3523
PRT6793445,SP3530
PRT6793446,SP3532
PRT6793447,SP3535
PRT6793448,SP3551
PRT6793449,SP3553
PRT6793450,SP3554
PRT6793451,SP3557
PRT6793452,SP3558
PRT6793453,SP3559
PRT6793454,SP3562
PRT6793455,SP3563
PRT6793456,SP3564
PRT6793457,SP3567
PRT6793458,SP3568
PRT6793459,SP3572
PRT6793460,SP3579
PRT6793461,SP3581
PRT6793462,SP3582
PRT6793463,SP3583
PRT6793464,SP3585
PRT6793465,SP3586
PRT6793466,SP3589
PRT6793467,SP3590
PRT6793468,SP3595
PRT6793469,SP3598
PRT6793470,SP3599
PRT6793471,SP3600
PRT6793472,SP3603
PRT6793473,SP3606
PRT6793474,SP3611
PRT6793475,SP3616
PRT6793476,SP3620
PRT6793477,SP3621
PRT6793478,SP3624
PRT6793479,SP3626
PRT6793480,SP3628
PRT6793481,SP3630
PRT6793482,SP3633
PRT6793483,SP3635
PRT6793484,SP3639
PRT6793485,SP3640
PRT6793486,SP3641
PRT6793487,SP3645
PRT6793488,SP3648
PRT6793489,SP3650
PRT6793490,SP3651
PRT6793491,SP3652
PRT6793492,SP3653
PRT6793493,SP3655
PRT6793494,SP3659
PRT6793495,SP3660
PRT6793496,SP3662
PRT6793497,SP3666
PRT6793498,SP3667
PRT6793499,SP3668
PRT6793500,SP3669
PRT6793501,SP3670
PRT6793502,SP3671
PRT6793503,SP3674
PRT6793504,SP3675
PRT6793505,SP3677
PRT6793506,SP3681
PRT6793507,SP3684
PRT6793508,SP3685
PRT6793509,SP3687
PRT6793510,SP3692
PRT6793511,SP3693
PRT6793512,SP3695
PRT6793513,SP3697
PRT6793514,SP3699
PRT6793515,SP3700
PRT6793516,SP3705
PRT6793517,SP3710
PRT6793518,SP3712
PRT6793519,SP3715
PRT6793520,SP3717
PRT6793521,SP3718
PRT6793522,SP3721
PRT6793523,SP3723
PRT6793524,SP3727
PRT6793525,SP3730
PRT6793526,SP3731
PRT6793527,SP3732
PRT6793528,SP3735
PRT6793529,SP3737
PRT6793530,SP3742
PRT6793531,SP3744
PRT6793532,SP3745
PRT6793533,SP3756
PRT6793534,SP3758
PRT6793535,SP3759
PRT6793536,SP3763
PRT6793537,SP3764
PRT6793538,SP3765
PRT6793539,SP3775
PRT6793540,SP3776
PRT6793541,SP3780
PRT6793542,SP3783
PRT6793543,SP102
PRT6793544,SP1041
PRT6793545,SP1095
PRT6793546,SP3729
